/*
 Navicat Premium Data Transfer

 Source Server         : 192.168.133.132_3306
 Source Server Type    : MySQL
 Source Server Version : 50733 (5.7.33-0ubuntu0.16.04.1)
 Source Host           : 192.168.133.132:3306
 Source Schema         : game_analysis

 Target Server Type    : MySQL
 Target Server Version : 50733 (5.7.33-0ubuntu0.16.04.1)
 File Encoding         : 65001

 Date: 16/05/2025 15:53:46
*/

SET NAMES utf8mb4;
SET FOREIGN_KEY_CHECKS = 0;

-- ----------------------------
-- Table structure for game_price_distribution
-- ----------------------------
DROP TABLE IF EXISTS `game_price_distribution`;
CREATE TABLE `game_price_distribution`  (
  `price_range` varchar(50) CHARACTER SET utf8mb4 COLLATE utf8mb4_unicode_ci NULL DEFAULT NULL,
  `game_count` int(11) NULL DEFAULT NULL
) ENGINE = InnoDB CHARACTER SET = utf8mb4 COLLATE = utf8mb4_unicode_ci ROW_FORMAT = Dynamic;

-- ----------------------------
-- Records of game_price_distribution
-- ----------------------------
INSERT INTO `game_price_distribution` VALUES ('0 - 10', 11431);
INSERT INTO `game_price_distribution` VALUES ('10 - 20', 23810);
INSERT INTO `game_price_distribution` VALUES ('100 - 200', 3763);
INSERT INTO `game_price_distribution` VALUES ('20 - 30', 18160);
INSERT INTO `game_price_distribution` VALUES ('200 - 400', 940);
INSERT INTO `game_price_distribution` VALUES ('30 - 40', 10166);
INSERT INTO `game_price_distribution` VALUES ('40 - 50', 8553);
INSERT INTO `game_price_distribution` VALUES ('400 - 800', 243);
INSERT INTO `game_price_distribution` VALUES ('50 - 100', 13190);
INSERT INTO `game_price_distribution` VALUES ('800+', 14);
INSERT INTO `game_price_distribution` VALUES ('Free', 32492);

-- ----------------------------
-- Table structure for game_price_goodrate_analysis
-- ----------------------------
DROP TABLE IF EXISTS `game_price_goodrate_analysis`;
CREATE TABLE `game_price_goodrate_analysis`  (
  `price_range` varchar(50) CHARACTER SET utf8mb4 COLLATE utf8mb4_unicode_ci NULL DEFAULT NULL,
  `game_count` int(11) NULL DEFAULT NULL,
  `avg_good_rate` double NULL DEFAULT NULL,
  `total_review_count` double NULL DEFAULT NULL
) ENGINE = InnoDB CHARACTER SET = utf8mb4 COLLATE = utf8mb4_unicode_ci ROW_FORMAT = Dynamic;

-- ----------------------------
-- Records of game_price_goodrate_analysis
-- ----------------------------
INSERT INTO `game_price_goodrate_analysis` VALUES ('0 - 10', 3197, 73.17141069752893, 514350);
INSERT INTO `game_price_goodrate_analysis` VALUES ('10 - 20', 7384, 76.53751354279524, 2023193);
INSERT INTO `game_price_goodrate_analysis` VALUES ('100 - 200', 2381, 74.61318773624528, 19687894);
INSERT INTO `game_price_goodrate_analysis` VALUES ('20 - 30', 8064, 77.18266369047619, 4198117);
INSERT INTO `game_price_goodrate_analysis` VALUES ('200 - 400', 631, 74.86370839936609, 10161906);
INSERT INTO `game_price_goodrate_analysis` VALUES ('30 - 40', 5448, 76.6635462555066, 4720898);
INSERT INTO `game_price_goodrate_analysis` VALUES ('40 - 50', 5035, 77.86832174776563, 9078563);
INSERT INTO `game_price_goodrate_analysis` VALUES ('400 - 800', 147, 73.8843537414966, 477688);
INSERT INTO `game_price_goodrate_analysis` VALUES ('50 - 100', 8390, 76.95983313468415, 26774564);
INSERT INTO `game_price_goodrate_analysis` VALUES ('800+', 5, 63.2, 137);
INSERT INTO `game_price_goodrate_analysis` VALUES ('Free', 12304, 75.16986345903771, 32081454);

-- ----------------------------
-- Table structure for game_type_analysis
-- ----------------------------
DROP TABLE IF EXISTS `game_type_analysis`;
CREATE TABLE `game_type_analysis`  (
  `type` varchar(100) CHARACTER SET utf8mb4 COLLATE utf8mb4_unicode_ci NULL DEFAULT NULL,
  `game_count` int(11) NULL DEFAULT NULL,
  `avg_good_rate` double NULL DEFAULT NULL,
  `total_review_count` double NULL DEFAULT NULL
) ENGINE = InnoDB CHARACTER SET = utf8mb4 COLLATE = utf8mb4_unicode_ci ROW_FORMAT = Dynamic;

-- ----------------------------
-- Records of game_type_analysis
-- ----------------------------
INSERT INTO `game_type_analysis` VALUES ('推箱子', 166, 91.32474226804123, 26522);
INSERT INTO `game_type_analysis` VALUES ('原声音轨', 348, 90.8875305623472, 48752);
INSERT INTO `game_type_analysis` VALUES ('骰子', 9, 90.5, 15274);
INSERT INTO `game_type_analysis` VALUES ('信仰', 56, 90.42424242424242, 23508);
INSERT INTO `game_type_analysis` VALUES ('温馨惬意', 189, 89.67555555555556, 150156);
INSERT INTO `game_type_analysis` VALUES ('治愈系', 146, 89.32163742690058, 135979);
INSERT INTO `game_type_analysis` VALUES ('怀旧', 30, 88.87878787878788, 51998);
INSERT INTO `game_type_analysis` VALUES ('LGBTQ+', 316, 88.44619422572178, 248880);
INSERT INTO `game_type_analysis` VALUES ('猫', 371, 87.9931506849315, 360810);
INSERT INTO `game_type_analysis` VALUES ('网格导向动作', 76, 87.45121951219512, 14284);
INSERT INTO `game_type_analysis` VALUES ('叙事', 54, 87.04615384615384, 44050);
INSERT INTO `game_type_analysis` VALUES ('逻辑', 399, 86.98507462686567, 108345);
INSERT INTO `game_type_analysis` VALUES ('竞分', 167, 86.52970297029702, 33542);
INSERT INTO `game_type_analysis` VALUES ('手绘', 418, 86.50592885375494, 224910);
INSERT INTO `game_type_analysis` VALUES ('情感', 242, 86.48813559322033, 327614);
INSERT INTO `game_type_analysis` VALUES ('精确平台', 410, 86.38229376257546, 154586);
INSERT INTO `game_type_analysis` VALUES ('爱情', 389, 86.25531914893617, 447462);
INSERT INTO `game_type_analysis` VALUES ('复古射击', 89, 86, 257838);
INSERT INTO `game_type_analysis` VALUES ('可爱', 1671, 85.8727634194831, 1938778);
INSERT INTO `game_type_analysis` VALUES ('极简主义', 454, 85.53396226415094, 192375);
INSERT INTO `game_type_analysis` VALUES ('好评原声音轨', 386, 85.48471615720524, 2640920);
INSERT INTO `game_type_analysis` VALUES ('时空操控', 49, 85.48076923076923, 65512);
INSERT INTO `game_type_analysis` VALUES ('视觉小说', 2118, 85.4406055900621, 1862376);
INSERT INTO `game_type_analysis` VALUES ('快速反应事件', 23, 85.13333333333334, 53618);
INSERT INTO `game_type_analysis` VALUES ('快节奏', 224, 85.01149425287356, 685030);
INSERT INTO `game_type_analysis` VALUES ('喷气机', 23, 85, 104324);
INSERT INTO `game_type_analysis` VALUES ('社交聚会游戏', 89, 84.97345132743362, 156304);
INSERT INTO `game_type_analysis` VALUES ('基于音乐的程序生成', 17, 84.95652173913044, 35773);
INSERT INTO `game_type_analysis` VALUES ('2D 平台', 1020, 84.79601593625497, 811621);
INSERT INTO `game_type_analysis` VALUES ('多结局', 410, 84.75460122699387, 972356);
INSERT INTO `game_type_analysis` VALUES ('迷幻', 155, 84.58620689655173, 73857);
INSERT INTO `game_type_analysis` VALUES ('超现实', 280, 84.54545454545455, 218310);
INSERT INTO `game_type_analysis` VALUES ('弹幕射击', 819, 84.4562306900103, 818983);
INSERT INTO `game_type_analysis` VALUES ('非主流经典', 22, 84.375, 35659);
INSERT INTO `game_type_analysis` VALUES ('狗', 97, 84.26548672566372, 58388);
INSERT INTO `game_type_analysis` VALUES ('收集马拉松', 257, 84.25566343042071, 167939);
INSERT INTO `game_type_analysis` VALUES ('迷你高尔夫', 26, 84.23333333333333, 73505);
INSERT INTO `game_type_analysis` VALUES ('非线性', 55, 84.12121212121212, 23299);
INSERT INTO `game_type_analysis` VALUES ('像素图形', 1921, 84.07936507936508, 4471696);
INSERT INTO `game_type_analysis` VALUES ('喜剧', 648, 84.07289002557545, 1380143);
INSERT INTO `game_type_analysis` VALUES ('剧情丰富', 1553, 83.88568317909635, 8269645);
INSERT INTO `game_type_analysis` VALUES ('音乐', 390, 83.72186836518047, 628623);
INSERT INTO `game_type_analysis` VALUES ('对话', 71, 83.45348837209302, 47059);
INSERT INTO `game_type_analysis` VALUES ('科学', 68, 83.34117647058824, 142321);
INSERT INTO `game_type_analysis` VALUES ('风格化', 254, 83.32492113564669, 206995);
INSERT INTO `game_type_analysis` VALUES ('剧集', 18, 83.19047619047619, 120799);
INSERT INTO `game_type_analysis` VALUES ('记叙', 114, 83.16279069767442, 108363);
INSERT INTO `game_type_analysis` VALUES ('90 年代', 183, 83.1359649122807, 184303);
INSERT INTO `game_type_analysis` VALUES ('欢乐', 976, 83.08101045296168, 2499027);
INSERT INTO `game_type_analysis` VALUES ('选择取向', 480, 83.05902777777777, 1752322);
INSERT INTO `game_type_analysis` VALUES ('抽象', 218, 83.00371747211896, 96832);
INSERT INTO `game_type_analysis` VALUES ('分屏', 81, 83, 489719);
INSERT INTO `game_type_analysis` VALUES ('少女游戏', 142, 82.95953757225433, 69256);
INSERT INTO `game_type_analysis` VALUES ('编程', 122, 82.94267515923566, 114726);
INSERT INTO `game_type_analysis` VALUES ('剧情', 244, 82.8458904109589, 421732);
INSERT INTO `game_type_analysis` VALUES ('经典', 326, 82.82920792079207, 1567760);
INSERT INTO `game_type_analysis` VALUES ('平台解谜', 623, 82.81466666666667, 570853);
INSERT INTO `game_type_analysis` VALUES ('黑色幽默', 159, 82.70056497175142, 597443);
INSERT INTO `game_type_analysis` VALUES ('彩色', 760, 82.64216216216217, 334821);
INSERT INTO `game_type_analysis` VALUES ('职业导向', 27, 82.58333333333333, 12284);
INSERT INTO `game_type_analysis` VALUES ('节奏', 404, 82.5688622754491, 622233);
INSERT INTO `game_type_analysis` VALUES ('哲理', 82, 82.55555555555556, 130425);
INSERT INTO `game_type_analysis` VALUES ('放松', 1185, 82.55094869992972, 1527624);
INSERT INTO `game_type_analysis` VALUES ('重制', 29, 82.54545454545455, 315958);
INSERT INTO `game_type_analysis` VALUES ('复古', 916, 82.52058554437329, 480340);
INSERT INTO `game_type_analysis` VALUES ('棋类', 58, 82.46031746031746, 18674);
INSERT INTO `game_type_analysis` VALUES ('困难', 1017, 82.44046627810158, 3316399);
INSERT INTO `game_type_analysis` VALUES ('横向滚屏', 594, 82.41151685393258, 268620);
INSERT INTO `game_type_analysis` VALUES ('关卡编辑', 150, 82.38586956521739, 271468);
INSERT INTO `game_type_analysis` VALUES ('清版射击', 732, 82.27304147465438, 241669);
INSERT INTO `game_type_analysis` VALUES ('打字', 71, 82.2439024390244, 71064);
INSERT INTO `game_type_analysis` VALUES ('恋爱模拟', 520, 82.22439024390243, 914199);
INSERT INTO `game_type_analysis` VALUES ('角色动作', 54, 82.19354838709677, 267540);
INSERT INTO `game_type_analysis` VALUES ('暗杀', 33, 82.11111111111111, 700406);
INSERT INTO `game_type_analysis` VALUES ('生物收集', 211, 82.07954545454545, 522309);
INSERT INTO `game_type_analysis` VALUES ('2.5D', 184, 82.04054054054055, 148583);
INSERT INTO `game_type_analysis` VALUES ('Rogue 恶魔城', 22, 82.03846153846153, 10095);
INSERT INTO `game_type_analysis` VALUES ('欲罢不能', 33, 82.02439024390245, 19185);
INSERT INTO `game_type_analysis` VALUES ('互动小说', 658, 81.76136363636364, 244922);
INSERT INTO `game_type_analysis` VALUES ('2D', 5476, 81.58827076737525, 7299962);
INSERT INTO `game_type_analysis` VALUES ('轻度 Rogue', 753, 81.4904386951631, 1267588);
INSERT INTO `game_type_analysis` VALUES ('类银河战士恶魔城', 342, 81.40196078431373, 1136509);
INSERT INTO `game_type_analysis` VALUES ('线性', 164, 81.39303482587064, 25893);
INSERT INTO `game_type_analysis` VALUES ('解谜', 4468, 81.35972169988717, 3862926);
INSERT INTO `game_type_analysis` VALUES ('工作模拟', 21, 81.25925925925925, 13484);
INSERT INTO `game_type_analysis` VALUES ('吸血鬼', 64, 81.22666666666667, 213108);
INSERT INTO `game_type_analysis` VALUES ('滑板', 24, 81.1923076923077, 26570);
INSERT INTO `game_type_analysis` VALUES ('社交推理', 42, 81.15217391304348, 810014);
INSERT INTO `game_type_analysis` VALUES ('控制器', 206, 81.12448132780084, 353843);
INSERT INTO `game_type_analysis` VALUES ('俯视射击', 412, 80.99175257731959, 269511);
INSERT INTO `game_type_analysis` VALUES ('程序生成', 206, 80.90041493775934, 94255);
INSERT INTO `game_type_analysis` VALUES ('滑行', 13, 80.88235294117646, 21247);
INSERT INTO `game_type_analysis` VALUES ('史诗级', 5, 80.85714285714286, 19167);
INSERT INTO `game_type_analysis` VALUES ('黑色喜剧', 57, 80.84507042253522, 126425);
INSERT INTO `game_type_analysis` VALUES ('动漫', 1897, 80.8430155210643, 2932912);
INSERT INTO `game_type_analysis` VALUES ('短篇', 230, 80.82330827067669, 275778);
INSERT INTO `game_type_analysis` VALUES ('双摇杆射击', 222, 80.81007751937985, 147475);
INSERT INTO `game_type_analysis` VALUES ('华丽格斗', 103, 80.75590551181102, 142037);
INSERT INTO `game_type_analysis` VALUES ('平台游戏', 1750, 80.75384615384615, 2099153);
INSERT INTO `game_type_analysis` VALUES ('时空旅行', 55, 80.71212121212122, 88389);
INSERT INTO `game_type_analysis` VALUES ('老式', 173, 80.66169154228855, 78620);
INSERT INTO `game_type_analysis` VALUES ('俯视', 472, 80.65669014084507, 167971);
INSERT INTO `game_type_analysis` VALUES ('动作类 Rogue', 988, 80.63919259882255, 2408891);
INSERT INTO `game_type_analysis` VALUES ('女性主角', 1293, 80.59491193737769, 2769069);
INSERT INTO `game_type_analysis` VALUES ('跑酷', 208, 80.572, 800062);
INSERT INTO `game_type_analysis` VALUES ('回合制战斗', 258, 80.54193548387097, 705372);
INSERT INTO `game_type_analysis` VALUES ('无双', 10, 80.46153846153847, 28304);
INSERT INTO `game_type_analysis` VALUES ('牌组构建式类 Rogue', 153, 80.45901639344262, 400575);
INSERT INTO `game_type_analysis` VALUES ('悬疑', 677, 80.44069912609238, 910836);
INSERT INTO `game_type_analysis` VALUES ('奔跑', 269, 80.39877300613497, 88021);
INSERT INTO `game_type_analysis` VALUES ('卡通风格', 284, 80.39554317548746, 182838);
INSERT INTO `game_type_analysis` VALUES ('传统类 Rogue', 40, 80.36363636363636, 16899);
INSERT INTO `game_type_analysis` VALUES ('街机', 2029, 80.34554140127389, 864249);
INSERT INTO `game_type_analysis` VALUES ('黑色', 114, 80.33333333333333, 100232);
INSERT INTO `game_type_analysis` VALUES ('纸牌', 146, 80.32558139534883, 14642);
INSERT INTO `game_type_analysis` VALUES ('牌组构建', 216, 80.30434782608695, 336903);
INSERT INTO `game_type_analysis` VALUES ('类 Rogue', 733, 80.30091533180779, 1605047);
INSERT INTO `game_type_analysis` VALUES ('唯美', 47, 80.29629629629629, 307260);
INSERT INTO `game_type_analysis` VALUES ('自然', 222, 80.28676470588235, 387579);
INSERT INTO `game_type_analysis` VALUES ('讽刺', 47, 80.2741935483871, 40659);
INSERT INTO `game_type_analysis` VALUES ('龙与地下城', 24, 80.26923076923077, 46726);
INSERT INTO `game_type_analysis` VALUES ('卡通', 221, 80.25093632958801, 290083);
INSERT INTO `game_type_analysis` VALUES ('指向点击', 1452, 80.20823665893272, 822862);
INSERT INTO `game_type_analysis` VALUES ('故事架构丰富', 54, 80.12, 113256);
INSERT INTO `game_type_analysis` VALUES ('商店管理', 8, 80.0909090909091, 21864);
INSERT INTO `game_type_analysis` VALUES ('自选历险体验', 548, 80.08636363636364, 335001);
INSERT INTO `game_type_analysis` VALUES ('孩童', 726, 79.98650168728909, 338878);
INSERT INTO `game_type_analysis` VALUES ('超级英雄', 59, 79.95454545454545, 591405);
INSERT INTO `game_type_analysis` VALUES ('枪械改装', 34, 79.94285714285714, 71726);
INSERT INTO `game_type_analysis` VALUES ('日系角色扮演', 593, 79.810888252149, 824818);
INSERT INTO `game_type_analysis` VALUES ('文字游戏', 193, 79.80172413793103, 79991);
INSERT INTO `game_type_analysis` VALUES ('2D 格斗', 254, 79.76923076923077, 943249);
INSERT INTO `game_type_analysis` VALUES ('团队角色扮演', 156, 79.74585635359117, 122193);
INSERT INTO `game_type_analysis` VALUES ('基于文字', 305, 79.71662125340599, 56139);
INSERT INTO `game_type_analysis` VALUES ('漫画', 116, 79.66896551724138, 25388);
INSERT INTO `game_type_analysis` VALUES ('赛博朋克', 244, 79.6472602739726, 1353497);
INSERT INTO `game_type_analysis` VALUES ('试验性', 184, 79.63362068965517, 92270);
INSERT INTO `game_type_analysis` VALUES ('即时含暂停', 28, 79.55882352941177, 24467);
INSERT INTO `game_type_analysis` VALUES ('矮人', 63, 79.53521126760563, 404450);
INSERT INTO `game_type_analysis` VALUES ('4 人本地', 172, 79.53266331658291, 103806);
INSERT INTO `game_type_analysis` VALUES ('永久死亡', 126, 79.49350649350649, 51274);
INSERT INTO `game_type_analysis` VALUES ('谐仿', 56, 79.47887323943662, 34139);
INSERT INTO `game_type_analysis` VALUES ('等角视角', 203, 79.4139344262295, 615222);
INSERT INTO `game_type_analysis` VALUES ('物理', 818, 79.40945674044265, 3031108);
INSERT INTO `game_type_analysis` VALUES ('游戏工坊', 11, 79.4, 116594);
INSERT INTO `game_type_analysis` VALUES ('合作战役', 43, 79.32558139534883, 146502);
INSERT INTO `game_type_analysis` VALUES ('迷宫探索', 474, 79.24119718309859, 690113);
INSERT INTO `game_type_analysis` VALUES ('时间管理', 360, 79.175, 140654);
INSERT INTO `game_type_analysis` VALUES ('西部', 92, 79.13157894736842, 1017667);
INSERT INTO `game_type_analysis` VALUES ('桌上游戏', 259, 79.11764705882354, 203840);
INSERT INTO `game_type_analysis` VALUES ('阴谋', 27, 79.03125, 13034);
INSERT INTO `game_type_analysis` VALUES ('心理', 169, 78.96373056994818, 250158);
INSERT INTO `game_type_analysis` VALUES ('隐藏物体', 997, 78.94612794612794, 255780);
INSERT INTO `game_type_analysis` VALUES ('乐高', 54, 78.93939393939394, 178721);
INSERT INTO `game_type_analysis` VALUES ('机器人', 179, 78.91203703703704, 488252);
INSERT INTO `game_type_analysis` VALUES ('交通运输', 86, 78.84, 868825);
INSERT INTO `game_type_analysis` VALUES ('本地合作', 285, 78.83908045977012, 907037);
INSERT INTO `game_type_analysis` VALUES ('烹饪', 133, 78.83333333333333, 214928);
INSERT INTO `game_type_analysis` VALUES ('本地多人', 340, 78.71111111111111, 541308);
INSERT INTO `game_type_analysis` VALUES ('六角格棋盘', 71, 78.67469879518072, 22403);
INSERT INTO `game_type_analysis` VALUES ('水底', 92, 78.63302752293578, 508528);
INSERT INTO `game_type_analysis` VALUES ('氛围', 1657, 78.62436804853387, 4210584);
INSERT INTO `game_type_analysis` VALUES ('战术角色扮演', 165, 78.56476683937824, 642652);
INSERT INTO `game_type_analysis` VALUES ('破坏', 139, 78.5548780487805, 836205);
INSERT INTO `game_type_analysis` VALUES ('黑暗', 443, 78.52471482889734, 693729);
INSERT INTO `game_type_analysis` VALUES ('推理', 379, 78.52008928571429, 557237);
INSERT INTO `game_type_analysis` VALUES ('RPG 制作大师', 318, 78.4296875, 141907);
INSERT INTO `game_type_analysis` VALUES ('忍者', 99, 78.41322314049587, 496595);
INSERT INTO `game_type_analysis` VALUES ('体验', 30, 78.37837837837837, 13065);
INSERT INTO `game_type_analysis` VALUES ('黑暗奇幻', 212, 78.32567049808429, 1769498);
INSERT INTO `game_type_analysis` VALUES ('子弹时间', 36, 78.325, 139758);
INSERT INTO `game_type_analysis` VALUES ('拳击', 37, 78.31914893617021, 32064);
INSERT INTO `game_type_analysis` VALUES ('体素', 81, 78.23469387755102, 187533);
INSERT INTO `game_type_analysis` VALUES ('雪', 49, 78.2280701754386, 48482);
INSERT INTO `game_type_analysis` VALUES ('潜水艇', 26, 78.17241379310344, 91171);
INSERT INTO `game_type_analysis` VALUES ('自动化', 155, 78.17021276595744, 608412);
INSERT INTO `game_type_analysis` VALUES ('回合制战术', 507, 78.0592105263158, 584835);
INSERT INTO `game_type_analysis` VALUES ('奇幻', 852, 78.0587668593449, 2563646);
INSERT INTO `game_type_analysis` VALUES ('三消', 248, 78.01418439716312, 272866);
INSERT INTO `game_type_analysis` VALUES ('洛夫克拉夫特式', 131, 78, 160928);
INSERT INTO `game_type_analysis` VALUES ('动漫色情', 213, 77.97647058823529, 364724);
INSERT INTO `game_type_analysis` VALUES ('黑客', 88, 77.86538461538461, 216667);
INSERT INTO `game_type_analysis` VALUES ('工作场所不宜', 135, 77.82352941176471, 237248);
INSERT INTO `game_type_analysis` VALUES ('重玩价值', 113, 77.81060606060606, 474445);
INSERT INTO `game_type_analysis` VALUES ('魔法', 195, 77.71861471861472, 333448);
INSERT INTO `game_type_analysis` VALUES ('人工智能', 74, 77.6195652173913, 19992);
INSERT INTO `game_type_analysis` VALUES ('类魂系列', 264, 77.59554140127389, 3546996);
INSERT INTO `game_type_analysis` VALUES ('益智问答', 90, 77.56701030927834, 18852);
INSERT INTO `game_type_analysis` VALUES ('心理恐怖', 1288, 77.5546875, 3080272);
INSERT INTO `game_type_analysis` VALUES ('清版动作', 296, 77.53739612188366, 413390);
INSERT INTO `game_type_analysis` VALUES ('驾驶', 456, 77.53457943925234, 2736283);
INSERT INTO `game_type_analysis` VALUES ('竞技场射击', 297, 77.52659574468085, 278766);
INSERT INTO `game_type_analysis` VALUES ('动作即时战略', 65, 77.52631578947368, 39987);
INSERT INTO `game_type_analysis` VALUES ('反乌托邦', 75, 77.52325581395348, 73459);
INSERT INTO `game_type_analysis` VALUES ('不可思议迷宫', 94, 77.4873949579832, 15218);
INSERT INTO `game_type_analysis` VALUES ('网络梗', 231, 77.4591439688716, 228876);
INSERT INTO `game_type_analysis` VALUES ('探索', 2555, 77.45848142164782, 3460862);
INSERT INTO `game_type_analysis` VALUES ('采矿', 67, 77.3625, 122333);
INSERT INTO `game_type_analysis` VALUES ('社交聚会', 43, 77.3, 90458);
INSERT INTO `game_type_analysis` VALUES ('密室逃脱', 97, 77.21008403361344, 133000);
INSERT INTO `game_type_analysis` VALUES ('高尔夫', 58, 77.20588235294117, 87002);
INSERT INTO `game_type_analysis` VALUES ('自行车', 25, 77.14814814814815, 36217);
INSERT INTO `game_type_analysis` VALUES ('棋盘游戏', 425, 77.13269230769231, 442844);
INSERT INTO `game_type_analysis` VALUES ('鲜血', 50, 77.12307692307692, 321364);
INSERT INTO `game_type_analysis` VALUES ('仅鼠标', 52, 77.078125, 18423);
INSERT INTO `game_type_analysis` VALUES ('全动态影像', 138, 77.07142857142857, 123828);
INSERT INTO `game_type_analysis` VALUES ('教育', 563, 77.01114206128133, 148263);
INSERT INTO `game_type_analysis` VALUES ('回合战略', 734, 76.99086757990868, 1805080);
INSERT INTO `game_type_analysis` VALUES ('单人', 4288, 76.91746155343586, 16039842);
INSERT INTO `game_type_analysis` VALUES ('龙', 112, 76.88888888888889, 416720);
INSERT INTO `game_type_analysis` VALUES ('车辆作战', 67, 76.855421686747, 794474);
INSERT INTO `game_type_analysis` VALUES ('调查', 243, 76.82986111111111, 214524);
INSERT INTO `game_type_analysis` VALUES ('成人', 267, 76.8167701863354, 1295497);
INSERT INTO `game_type_analysis` VALUES ('战斗', 256, 76.67846607669617, 1087244);
INSERT INTO `game_type_analysis` VALUES ('色情内容', 960, 76.64558058925476, 1779738);
INSERT INTO `game_type_analysis` VALUES ('生活模拟', 477, 76.61669505962521, 1398344);
INSERT INTO `game_type_analysis` VALUES ('神话', 101, 76.55645161290323, 1647452);
INSERT INTO `game_type_analysis` VALUES ('航海', 47, 76.54237288135593, 25040);
INSERT INTO `game_type_analysis` VALUES ('休闲', 10506, 76.50474158368895, 5879067);
INSERT INTO `game_type_analysis` VALUES ('恶人主角', 65, 76.49367088607595, 128212);
INSERT INTO `game_type_analysis` VALUES ('塔防', 621, 76.46675712347354, 710121);
INSERT INTO `game_type_analysis` VALUES ('3D 平台', 653, 76.42321644498186, 596053);
INSERT INTO `game_type_analysis` VALUES ('英雄射击', 78, 76.4065934065934, 1992259);
INSERT INTO `game_type_analysis` VALUES ('科幻', 968, 76.37467018469657, 2806453);
INSERT INTO `game_type_analysis` VALUES ('电脑角色扮演', 114, 76.37142857142857, 131752);
INSERT INTO `game_type_analysis` VALUES ('恶魔', 95, 76.3302752293578, 185258);
INSERT INTO `game_type_analysis` VALUES ('80 年代', 116, 76.31884057971014, 71781);
INSERT INTO `game_type_analysis` VALUES ('即时战术', 243, 76.23255813953489, 284812);
INSERT INTO `game_type_analysis` VALUES ('照片编辑', 59, 76.10526315789474, 20945);
INSERT INTO `game_type_analysis` VALUES ('哥特', 39, 76.02173913043478, 55315);
INSERT INTO `game_type_analysis` VALUES ('资源管理', 236, 76.02112676056338, 522030);
INSERT INTO `game_type_analysis` VALUES ('竞技', 149, 75.87150837988827, 9457998);
INSERT INTO `game_type_analysis` VALUES ('钓鱼', 92, 75.86486486486487, 282096);
INSERT INTO `game_type_analysis` VALUES ('卡牌战斗', 259, 75.85064935064935, 451273);
INSERT INTO `game_type_analysis` VALUES ('摩托车', 47, 75.73469387755102, 73771);
INSERT INTO `game_type_analysis` VALUES ('潜行', 403, 75.72327044025157, 2602532);
INSERT INTO `game_type_analysis` VALUES ('回合制', 481, 75.71908127208481, 1090133);
INSERT INTO `game_type_analysis` VALUES ('格斗', 304, 75.69920844327177, 1594159);
INSERT INTO `game_type_analysis` VALUES ('火车', 204, 75.69685039370079, 158466);
INSERT INTO `game_type_analysis` VALUES ('历史', 490, 75.69543973941369, 1996046);
INSERT INTO `game_type_analysis` VALUES ('步行模拟', 724, 75.69519343493552, 333115);
INSERT INTO `game_type_analysis` VALUES ('海战', 63, 75.61111111111111, 236065);
INSERT INTO `game_type_analysis` VALUES ('外星人', 127, 75.55625, 215236);
INSERT INTO `game_type_analysis` VALUES ('裸露', 822, 75.54832146490335, 1568261);
INSERT INTO `game_type_analysis` VALUES ('动作冒险', 1327, 75.4916567342074, 903455);
INSERT INTO `game_type_analysis` VALUES ('冰球', 19, 75.45454545454545, 18019);
INSERT INTO `game_type_analysis` VALUES ('合作', 898, 75.4511070110701, 12037118);
INSERT INTO `game_type_analysis` VALUES ('可模组化', 102, 75.41803278688525, 1500840);
INSERT INTO `game_type_analysis` VALUES ('自走棋', 171, 75.36666666666666, 209165);
INSERT INTO `game_type_analysis` VALUES ('冒险', 11821, 75.34387213847013, 12885822);
INSERT INTO `game_type_analysis` VALUES ('砍杀', 626, 75.30967741935484, 2129911);
INSERT INTO `game_type_analysis` VALUES ('策略角色扮演', 189, 75.28947368421052, 71280);
INSERT INTO `game_type_analysis` VALUES ('战斗竞速', 99, 75.28571428571429, 67498);
INSERT INTO `game_type_analysis` VALUES ('角色自定义', 322, 75.19896640826873, 1223739);
INSERT INTO `game_type_analysis` VALUES ('基地建设', 381, 75.16043956043956, 2280221);
INSERT INTO `game_type_analysis` VALUES ('第三人称', 430, 75.1576923076923, 1695224);
INSERT INTO `game_type_analysis` VALUES ('软件', 190, 75.125, 377183);
INSERT INTO `game_type_analysis` VALUES ('武术', 107, 75.08461538461539, 500289);
INSERT INTO `game_type_analysis` VALUES ('卡牌游戏', 597, 75.07938718662953, 1068002);
INSERT INTO `game_type_analysis` VALUES ('竞速', 1474, 75.06306818181818, 1607092);
INSERT INTO `game_type_analysis` VALUES ('殖民模拟', 229, 75.06106870229007, 953325);
INSERT INTO `game_type_analysis` VALUES ('灵异', 135, 75.05454545454545, 727916);
INSERT INTO `game_type_analysis` VALUES ('摩托车越野', 18, 75.05, 40378);
INSERT INTO `game_type_analysis` VALUES ('模组', 40, 75.01754385964912, 147727);
INSERT INTO `game_type_analysis` VALUES ('动作角色扮演', 626, 74.80126582278481, 2457787);
INSERT INTO `game_type_analysis` VALUES ('蒸汽朋克', 76, 74.77173913043478, 272927);
INSERT INTO `game_type_analysis` VALUES ('未来', 135, 74.69642857142857, 100035);
INSERT INTO `game_type_analysis` VALUES ('角色扮演', 6068, 74.63915443651541, 13316973);
INSERT INTO `game_type_analysis` VALUES ('战术', 330, 74.6140350877193, 3140487);
INSERT INTO `game_type_analysis` VALUES ('免费开玩', 2758, 74.58532061473238, 16106936);
INSERT INTO `game_type_analysis` VALUES ('飞行', 375, 74.57882882882883, 1064426);
INSERT INTO `game_type_analysis` VALUES ('3D', 3409, 74.54784857747472, 4427269);
INSERT INTO `game_type_analysis` VALUES ('独立', 13275, 74.5192912627592, 8018691);
INSERT INTO `game_type_analysis` VALUES ('Steam 主机', 2, 74.5, 27834);
INSERT INTO `game_type_analysis` VALUES ('刷宝', 119, 74.3984962406015, 558940);
INSERT INTO `game_type_analysis` VALUES ('一战', 53, 74.28571428571429, 260856);
INSERT INTO `game_type_analysis` VALUES ('射击', 1848, 74.28039809606231, 21722256);
INSERT INTO `game_type_analysis` VALUES ('多人', 2580, 74.26473369051371, 51186232);
INSERT INTO `game_type_analysis` VALUES ('美国', 35, 74.2439024390244, 87849);
INSERT INTO `game_type_analysis` VALUES ('玩家对战', 655, 74.22627737226277, 2699919);
INSERT INTO `game_type_analysis` VALUES ('游戏开发', 149, 74.21578947368421, 58966);
INSERT INTO `game_type_analysis` VALUES ('劫掠', 55, 74.18461538461538, 610856);
INSERT INTO `game_type_analysis` VALUES ('剑术', 85, 74.11702127659575, 403290);
INSERT INTO `game_type_analysis` VALUES ('维京人', 36, 74.075, 39035);
INSERT INTO `game_type_analysis` VALUES ('海盗', 113, 74.05072463768116, 454559);
INSERT INTO `game_type_analysis` VALUES ('玩家对战环境', 266, 74.04829545454545, 1266382);
INSERT INTO `game_type_analysis` VALUES ('设计与插画', 318, 73.94414893617021, 209439);
INSERT INTO `game_type_analysis` VALUES ('动作', 13071, 73.9031339031339, 33686233);
INSERT INTO `game_type_analysis` VALUES ('沙盒', 1245, 73.88487282463186, 6827430);
INSERT INTO `game_type_analysis` VALUES ('战争游戏', 306, 73.87533156498674, 320164);
INSERT INTO `game_type_analysis` VALUES ('农场模拟', 257, 73.765625, 1277365);
INSERT INTO `game_type_analysis` VALUES ('恐怖', 2776, 73.76186213070726, 8314468);
INSERT INTO `game_type_analysis` VALUES ('在线合作', 547, 73.76112759643917, 7680755);
INSERT INTO `game_type_analysis` VALUES ('太空模拟', 160, 73.71354166666667, 286942);
INSERT INTO `game_type_analysis` VALUES ('战争', 345, 73.55223880597015, 2458492);
INSERT INTO `game_type_analysis` VALUES ('战锤 40K', 36, 73.51020408163265, 228599);
INSERT INTO `game_type_analysis` VALUES ('后末日', 289, 73.43543543543544, 1805558);
INSERT INTO `game_type_analysis` VALUES ('台球', 27, 73.42857142857143, 22311);
INSERT INTO `game_type_analysis` VALUES ('电影式', 158, 73.33879781420765, 287300);
INSERT INTO `game_type_analysis` VALUES ('政治', 62, 73.31944444444444, 87720);
INSERT INTO `game_type_analysis` VALUES ('二战', 332, 73.31472081218274, 1612255);
INSERT INTO `game_type_analysis` VALUES ('机甲', 133, 73.25974025974025, 492886);
INSERT INTO `game_type_analysis` VALUES ('策略', 6897, 73.25852441487466, 10960530);
INSERT INTO `game_type_analysis` VALUES ('惊悚', 204, 73.23430962343096, 188549);
INSERT INTO `game_type_analysis` VALUES ('冷战', 56, 73.22222222222223, 80521);
INSERT INTO `game_type_analysis` VALUES ('六自由度', 44, 73.14285714285714, 13541);
INSERT INTO `game_type_analysis` VALUES ('政治性', 72, 73.05882352941177, 111601);
INSERT INTO `game_type_analysis` VALUES ('沉浸式模拟', 573, 73.03867403314918, 380883);
INSERT INTO `game_type_analysis` VALUES ('即时战略', 616, 73.03629032258064, 1593030);
INSERT INTO `game_type_analysis` VALUES ('体育', 1587, 72.9761399787911, 995555);
INSERT INTO `game_type_analysis` VALUES ('轨道射击', 61, 72.97183098591549, 15226);
INSERT INTO `game_type_analysis` VALUES ('犯罪', 152, 72.96629213483146, 932222);
INSERT INTO `game_type_analysis` VALUES ('军事', 304, 72.9538043478261, 2441689);
INSERT INTO `game_type_analysis` VALUES ('赌博', 49, 72.94444444444444, 139395);
INSERT INTO `game_type_analysis` VALUES ('城市营造', 486, 72.89212328767124, 1256914);
INSERT INTO `game_type_analysis` VALUES ('太空', 665, 72.87532133676092, 2386946);
INSERT INTO `game_type_analysis` VALUES ('火星', 30, 72.71428571428571, 35127);
INSERT INTO `game_type_analysis` VALUES ('第一人称', 1581, 72.65201654601861, 3883176);
INSERT INTO `game_type_analysis` VALUES ('架空历史', 54, 72.53846153846153, 199918);
INSERT INTO `game_type_analysis` VALUES ('坦克', 87, 72.50961538461539, 302438);
INSERT INTO `game_type_analysis` VALUES ('中世纪', 300, 72.41666666666667, 1380050);
INSERT INTO `game_type_analysis` VALUES ('光明会', 20, 72.34615384615384, 85342);
INSERT INTO `game_type_analysis` VALUES ('3D 格斗', 176, 72.23580786026201, 243840);
INSERT INTO `game_type_analysis` VALUES ('制作', 388, 72.11889596602973, 3547721);
INSERT INTO `game_type_analysis` VALUES ('生存恐怖', 682, 72.08830548926014, 3113955);
INSERT INTO `game_type_analysis` VALUES ('4X', 246, 72.02456140350877, 664681);
INSERT INTO `game_type_analysis` VALUES ('摔角', 26, 72, 15509);
INSERT INTO `game_type_analysis` VALUES ('虚拟现实', 1771, 71.89070074922874, 939685);
INSERT INTO `game_type_analysis` VALUES ('第一人称射击', 1446, 71.87674288901283, 24449557);
INSERT INTO `game_type_analysis` VALUES ('游戏相关', 13, 71.66666666666667, 17296);
INSERT INTO `game_type_analysis` VALUES ('团队导向', 90, 71.65789473684211, 132299);
INSERT INTO `game_type_analysis` VALUES ('僵尸', 566, 71.56808199121522, 4360519);
INSERT INTO `game_type_analysis` VALUES ('库存管理', 51, 71.56666666666666, 96596);
INSERT INTO `game_type_analysis` VALUES ('第三人称射击', 319, 71.43927648578811, 2735231);
INSERT INTO `game_type_analysis` VALUES ('拟真', 767, 71.42612419700214, 2810159);
INSERT INTO `game_type_analysis` VALUES ('动画制作和建模', 198, 71.39148936170213, 70575);
INSERT INTO `game_type_analysis` VALUES ('建造', 756, 71.2924944812362, 3391184);
INSERT INTO `game_type_analysis` VALUES ('血腥', 1304, 71.20909665192673, 1428746);
INSERT INTO `game_type_analysis` VALUES ('开放世界', 1166, 71.11874105865522, 22022787);
INSERT INTO `game_type_analysis` VALUES ('足球', 91, 71.025, 206778);
INSERT INTO `game_type_analysis` VALUES ('模拟', 8317, 70.93613597505782, 9672748);
INSERT INTO `game_type_analysis` VALUES ('上帝模拟', 103, 70.86065573770492, 186424);
INSERT INTO `game_type_analysis` VALUES ('汽车模拟', 423, 70.82156862745099, 2591209);
INSERT INTO `game_type_analysis` VALUES ('实用工具', 434, 70.80925925925926, 364400);
INSERT INTO `game_type_analysis` VALUES ('管理', 901, 70.6294227188082, 2401562);
INSERT INTO `game_type_analysis` VALUES ('刷宝射击游戏', 86, 70.32038834951456, 1939603);
INSERT INTO `game_type_analysis` VALUES ('暴力', 1509, 70.294731064764, 984697);
INSERT INTO `game_type_analysis` VALUES ('政治模拟', 101, 70.28099173553719, 282984);
INSERT INTO `game_type_analysis` VALUES ('硬件', 7, 70.27272727272727, 28616);
INSERT INTO `game_type_analysis` VALUES ('集换式卡牌游戏', 84, 70.20388349514563, 230359);
INSERT INTO `game_type_analysis` VALUES ('网络出版', 72, 70.19101123595506, 20262);
INSERT INTO `game_type_analysis` VALUES ('抢先体验', 2042, 70.0724989874443, 1275148);
INSERT INTO `game_type_analysis` VALUES ('撤离射击', 15, 70.05882352941177, 359108);
INSERT INTO `game_type_analysis` VALUES ('农业', 94, 69.99212598425197, 221772);
INSERT INTO `game_type_analysis` VALUES ('狙击手', 27, 69.86666666666666, 99543);
INSERT INTO `game_type_analysis` VALUES ('马匹', 39, 69.75510204081633, 125470);
INSERT INTO `game_type_analysis` VALUES ('标杆测试', 11, 69.66666666666667, 23479);
INSERT INTO `game_type_analysis` VALUES ('视频制作', 124, 69.61349693251533, 76667);
INSERT INTO `game_type_analysis` VALUES ('篮球', 37, 69.57142857142857, 55722);
INSERT INTO `game_type_analysis` VALUES ('恐龙', 129, 69.4258064516129, 757527);
INSERT INTO `game_type_analysis` VALUES ('音频制作', 73, 69.4090909090909, 131090);
INSERT INTO `game_type_analysis` VALUES ('农场管理', 29, 69.35897435897436, 19038);
INSERT INTO `game_type_analysis` VALUES ('大战略', 301, 69.34615384615384, 1397333);
INSERT INTO `game_type_analysis` VALUES ('电竞', 124, 69.07482993197279, 12839507);
INSERT INTO `game_type_analysis` VALUES ('经济', 311, 68.81052631578947, 593432);
INSERT INTO `game_type_analysis` VALUES ('罗马', 42, 68.79245283018868, 134534);
INSERT INTO `game_type_analysis` VALUES ('资本主义', 104, 68.71942446043165, 217565);
INSERT INTO `game_type_analysis` VALUES ('生存', 1033, 68.48148148148148, 14454860);
INSERT INTO `game_type_analysis` VALUES ('医疗模拟', 44, 68.4, 65635);
INSERT INTO `game_type_analysis` VALUES ('开放世界生存制作', 197, 68.24034334763948, 7066246);
INSERT INTO `game_type_analysis` VALUES ('美式橄榄球', 34, 68.1025641025641, 18255);
INSERT INTO `game_type_analysis` VALUES ('点击游戏', 602, 67.83468834688347, 425053);
INSERT INTO `game_type_analysis` VALUES ('挂机游戏', 457, 67.6951871657754, 484256);
INSERT INTO `game_type_analysis` VALUES ('海军', 67, 67.48717948717949, 99824);
INSERT INTO `game_type_analysis` VALUES ('即时', 36, 67.20833333333333, 16821);
INSERT INTO `game_type_analysis` VALUES ('越野', 37, 67.07317073170732, 52370);
INSERT INTO `game_type_analysis` VALUES ('大型多人在线', 821, 66.9778801843318, 1397520);
INSERT INTO `game_type_analysis` VALUES ('大逃杀', 143, 66.55497382198953, 4393428);
INSERT INTO `game_type_analysis` VALUES ('狩猎', 75, 66.54545454545455, 499213);
INSERT INTO `game_type_analysis` VALUES ('贸易', 103, 66.46341463414635, 122520);
INSERT INTO `game_type_analysis` VALUES ('声控', 15, 66.3913043478261, 11008);
INSERT INTO `game_type_analysis` VALUES ('软件培训', 57, 65.66197183098592, 21496);
INSERT INTO `game_type_analysis` VALUES ('多人在线战术竞技', 50, 65.54794520547945, 2897534);
INSERT INTO `game_type_analysis` VALUES ('外交', 43, 64.44827586206897, 38983);
INSERT INTO `game_type_analysis` VALUES ('大型多人在线角色扮演', 127, 61.16167664670659, 1038915);

-- ----------------------------
-- Table structure for high_rating_popular_games
-- ----------------------------
DROP TABLE IF EXISTS `high_rating_popular_games`;
CREATE TABLE `high_rating_popular_games`  (
  `title` varchar(255) CHARACTER SET utf8mb4 COLLATE utf8mb4_unicode_ci NULL DEFAULT NULL,
  `release_date` date NULL DEFAULT NULL,
  `good_rate_num` double NULL DEFAULT NULL,
  `review_count_num` double NULL DEFAULT NULL,
  `original_price` varchar(50) CHARACTER SET utf8mb4 COLLATE utf8mb4_unicode_ci NULL DEFAULT NULL,
  `final_price` varchar(50) CHARACTER SET utf8mb4 COLLATE utf8mb4_unicode_ci NULL DEFAULT NULL,
  `developer` varchar(255) CHARACTER SET utf8mb4 COLLATE utf8mb4_unicode_ci NULL DEFAULT NULL,
  `publisher` varchar(255) CHARACTER SET utf8mb4 COLLATE utf8mb4_unicode_ci NULL DEFAULT NULL,
  `overall_evaluation` varchar(255) CHARACTER SET utf8mb4 COLLATE utf8mb4_unicode_ci NULL DEFAULT NULL
) ENGINE = InnoDB CHARACTER SET = utf8mb4 COLLATE = utf8mb4_unicode_ci ROW_FORMAT = Dynamic;

-- ----------------------------
-- Records of high_rating_popular_games
-- ----------------------------
INSERT INTO `high_rating_popular_games` VALUES ('R.E.P.O.', '2025-02-26', 96, 126246, '42.00', '42.00', 'semiwork', 'semiwork', '好评如潮');
INSERT INTO `high_rating_popular_games` VALUES ('双人成行', '2021-03-26', 95, 179533, '198.0', '69.30', 'Hazelight Studios', 'Electronic Arts', '好评如潮');
INSERT INTO `high_rating_popular_games` VALUES ('It Takes Two Friend\'s Pass', '2021-05-26', 95, 179530, '0', '0', 'Hazelight Studio', 'Electronic Arts', '好评如潮');
INSERT INTO `high_rating_popular_games` VALUES ('Crusader Kings III', '2020-09-02', 91, 79252, '198.0', '59.40', 'Paradox Development Studio', 'Paradox Interactive', '特别好评');
INSERT INTO `high_rating_popular_games` VALUES ('黑神话：悟空', '2024-08-20', 96, 832216, '268.00', '268.00', 'Game Science', 'Game Science', '好评如潮');
INSERT INTO `high_rating_popular_games` VALUES ('Resident Evil 4', '2019-01-25', 97, 115339, '198.0', '99.00', 'CAPCOM Co., Ltd.', 'CAPCOM Co., Ltd.', '好评如潮');
INSERT INTO `high_rating_popular_games` VALUES ('艾尔登法环', '2022-02-25', 92, 761001, '298.00', '298.00', 'FromSoftware, Inc.', 'FromSoftware, Inc.', '特别好评');
INSERT INTO `high_rating_popular_games` VALUES ('Stardew Valley', '2016-02-27', 98, 749810, '48.00', '48.00', 'ConcernedApe', 'ConcernedApe', '好评如潮');
INSERT INTO `high_rating_popular_games` VALUES ('天国：拯救2', '2025-02-04', 93, 72668, '228.00', '228.00', 'Warhorse Studios', 'Deep Silver', '特别好评');
INSERT INTO `high_rating_popular_games` VALUES ('DARK SOULS™ III', '2016-04-12', 94, 260324, '268.0', '134.00', 'FromSoftware, Inc.', 'FromSoftware, Inc.', '特别好评');
INSERT INTO `high_rating_popular_games` VALUES ('Age of Empires II: Definitive Edition', '2019-11-15', 94, 141047, '188.0', '65.80', 'World\'s Edge', 'Forgotten Empires', '特别好评');
INSERT INTO `high_rating_popular_games` VALUES ('女神异闻录5皇家版', '2022-10-21', 96, 67211, '268.0', '107.20', 'ATLUS', 'SEGA', '好评如潮');
INSERT INTO `high_rating_popular_games` VALUES ('饥荒联机版', '2016-04-22', 95, 339925, '24.00', '24.00', 'Klei Entertainment', 'Klei Entertainment', '好评如潮');
INSERT INTO `high_rating_popular_games` VALUES ('Raft', '2022-06-21', 93, 293567, '68.00', '68.00', 'Redbeet Interactive', 'Axolot Games', '特别好评');
INSERT INTO `high_rating_popular_games` VALUES ('深岩银河', '2020-05-13', 97, 271718, '90.0', '29.70', 'Ghost Ship Games', 'Coffee Stain Publishing', '好评如潮');
INSERT INTO `high_rating_popular_games` VALUES ('RimWorld', '2018-10-17', 97, 176751, '113.00', '113.00', 'Ludeon Studios', 'Ludeon Studios', '好评如潮');
INSERT INTO `high_rating_popular_games` VALUES ('Red Dead Redemption 2', '2019-12-06', 92, 664122, '279.00', '279.00', 'Rockstar Games', 'Rockstar Games', '特别好评');
INSERT INTO `high_rating_popular_games` VALUES ('Palworld / 幻兽帕鲁', '2024-01-19', 94, 319589, '108.00', '108.00', 'Pocketpair', 'Pocketpair', '特别好评');
INSERT INTO `high_rating_popular_games` VALUES ('Terraria', '2011-05-17', 97, 1116278, '42.00', '42.00', 'Re-Logic', 'Re-Logic', '好评如潮');
INSERT INTO `high_rating_popular_games` VALUES ('Resident Evil 7 Biohazard', '2017-01-24', 95, 65503, '99.0', '39.60', 'CAPCOM Co., Ltd.', 'CAPCOM Co., Ltd.', '好评如潮');
INSERT INTO `high_rating_popular_games` VALUES ('Euro Truck Simulator 2', '2012-10-13', 97, 653242, '88.00', '88.00', 'SCS Software', 'SCS Software', '好评如潮');
INSERT INTO `high_rating_popular_games` VALUES ('Cities: Skylines', '2015-03-11', 92, 205658, '138.00', '138.00', 'Colossal Order Ltd.', 'Paradox Interactive', '特别好评');
INSERT INTO `high_rating_popular_games` VALUES ('DARK SOULS™: REMASTERED', '2018-05-24', 91, 81539, '198.0', '99.00', 'QLOC', 'FromSoftware, Inc.', '特别好评');
INSERT INTO `high_rating_popular_games` VALUES ('人类一败涂地 / Human Fall Flat', '2016-07-23', 94, 163616, '58.0', '17.40', 'No Brakes Games', 'Curve Games', '特别好评');
INSERT INTO `high_rating_popular_games` VALUES ('Escape the Backrooms', '2022-08-12', 91, 84336, '37.00', '37.00', 'Fancy Games', 'Fancy Games', '特别好评');
INSERT INTO `high_rating_popular_games` VALUES ('Titanfall® 2', '2020-06-19', 95, 225027, '158.0', '23.70', 'Respawn Entertainment', 'Electronic Arts', '好评如潮');
INSERT INTO `high_rating_popular_games` VALUES ('Schedule I', '2025-03-25', 98, 165512, '76.00', '76.00', 'TVGS', 'TVGS', '好评如潮');
INSERT INTO `high_rating_popular_games` VALUES ('Resident Evil Village', '2021-05-08', 95, 80177, '198.0', '79.20', 'CAPCOM Co., Ltd.', 'CAPCOM Co., Ltd.', '好评如潮');
INSERT INTO `high_rating_popular_games` VALUES ('The Binding of Isaac: Rebirth', '2014-11-05', 97, 307918, '48.00', '48.00', 'Nicalis, Inc.', 'Edmund McMillen', '好评如潮');
INSERT INTO `high_rating_popular_games` VALUES ('Phasmophobia', '2020-09-19', 96, 623649, '76.00', '76.00', 'Kinetic Games', 'Kinetic Games', '好评如潮');
INSERT INTO `high_rating_popular_games` VALUES ('潜水员戴夫 DAVE THE DIVER', '2023-06-28', 97, 115698, '80.00', '80.00', 'MINTROCKET', 'MINTROCKET', '好评如潮');
INSERT INTO `high_rating_popular_games` VALUES ('Balatro', '2024-02-20', 97, 118350, '48.60', '48.60', 'LocalThunk', 'Playstack', '好评如潮');
INSERT INTO `high_rating_popular_games` VALUES ('米塔 MiSide', '2024-12-11', 98, 95349, '52.0', '46.80', 'AIHASTO', 'IndieArk', '好评如潮');
INSERT INTO `high_rating_popular_games` VALUES ('Project Zomboid', '2013-11-09', 94, 282223, '76.00', '76.00', 'The Indie Stone', 'The Indie Stone', '特别好评');
INSERT INTO `high_rating_popular_games` VALUES ('Cuphead', '2017-09-29', 96, 163803, '68.00', '68.00', 'Studio MDHR Entertainment Inc.', 'Studio MDHR Entertainment Inc.', '好评如潮');
INSERT INTO `high_rating_popular_games` VALUES ('Ori and the Will of the Wisps', '2020-03-11', 96, 126540, '90.0', '29.70', 'Moon Studios GmbH', 'Xbox Game Studios', '好评如潮');
INSERT INTO `high_rating_popular_games` VALUES ('Sekiro™: Shadows Die Twice - GOTY Edition', '2019-03-22', 95, 233103, '268.00', '268.00', 'FromSoftware, Inc.', 'Activision (Excluding Japan and Asia)', '好评如潮');
INSERT INTO `high_rating_popular_games` VALUES ('Left 4 Dead 2', '2009-11-17', 97, 728624, '42.00', '42.00', 'Valve', 'Valve', '好评如潮');
INSERT INTO `high_rating_popular_games` VALUES ('Factorio', '2020-08-14', 97, 170132, '130.00', '130.00', 'Wube Software LTD.', 'Wube Software LTD.', '好评如潮');
INSERT INTO `high_rating_popular_games` VALUES ('Devil May Cry 5', '2019-03-08', 96, 97915, '148.00', '148.00', 'CAPCOM Co., Ltd.', 'CAPCOM Co., Ltd.', '好评如潮');
INSERT INTO `high_rating_popular_games` VALUES ('Slay the Spire', '2019-01-23', 97, 156311, '85.00', '85.00', 'Mega Crit', 'Mega Crit', '好评如潮');
INSERT INTO `high_rating_popular_games` VALUES ('Resident Evil 2', '2019-01-25', 96, 117230, '198.0', '49.50', 'CAPCOM Co., Ltd.', 'CAPCOM Co., Ltd.', '好评如潮');
INSERT INTO `high_rating_popular_games` VALUES ('Hollow Knight', '2017-02-25', 97, 366590, '58.00', '58.00', 'Team Cherry', 'Team Cherry', '好评如潮');
INSERT INTO `high_rating_popular_games` VALUES ('Rise of the Tomb Raider™', '2016-02-10', 94, 109524, '147.0', '22.05', 'Crystal Dynamics', 'Eidos-Montréal', '特别好评');
INSERT INTO `high_rating_popular_games` VALUES ('幸福工厂', '2024-09-10', 97, 194365, '136.00', '136.00', 'Coffee Stain Studios', 'Coffee Stain Publishing', '好评如潮');
INSERT INTO `high_rating_popular_games` VALUES ('缺氧', '2019-07-31', 96, 119713, '58.00', '58.00', 'Klei Entertainment', 'Klei Entertainment', '好评如潮');
INSERT INTO `high_rating_popular_games` VALUES ('The Forest', '2018-05-01', 95, 531444, '70.00', '70.00', 'Endnight Games Ltd', 'Endnight Games Ltd', '好评如潮');
INSERT INTO `high_rating_popular_games` VALUES ('土豆兄弟(Brotato)', '2023-06-23', 96, 91471, '22.00', '22.00', 'Blobfish', 'Blobfish', '好评如潮');
INSERT INTO `high_rating_popular_games` VALUES ('Dead Cells', '2018-08-07', 97, 142370, '72.00', '72.00', 'Motion Twin', 'Motion Twin', '好评如潮');
INSERT INTO `high_rating_popular_games` VALUES ('雨中冒险 2', '2020-08-11', 93, 210046, '80.00', '80.00', 'Hopoo Games', 'Gearbox Publishing', '特别好评');
INSERT INTO `high_rating_popular_games` VALUES ('Hades II', '2024-05-07', 94, 59454, '108.00', '108.00', 'Supergiant Games', 'Supergiant Games', '特别好评');
INSERT INTO `high_rating_popular_games` VALUES ('巫师 3：狂猎', '2015-05-18', 96, 757362, '149.00', '149.00', 'CD PROJEKT RED', 'CD PROJEKT RED', '好评如潮');
INSERT INTO `high_rating_popular_games` VALUES ('底特律：化身为人', '2020-06-18', 95, 142352, '128.00', '128.00', 'Quantic Dream', 'Quantic Dream', '好评如潮');
INSERT INTO `high_rating_popular_games` VALUES ('American Truck Simulator', '2016-02-03', 97, 143351, '88.00', '88.00', 'SCS Software', 'SCS Software', '好评如潮');
INSERT INTO `high_rating_popular_games` VALUES ('车祸模拟器 - BeamNG.drive', '2015-05-30', 97, 293087, '68.00', '68.00', 'BeamNG', 'BeamNG', '好评如潮');
INSERT INTO `high_rating_popular_games` VALUES ('Dying Light', '2025-01-28', 95, 336161, '73.00', '73.00', 'Techland', 'Techland', '好评如潮');
INSERT INTO `high_rating_popular_games` VALUES ('The Outlast Trials', '2024-03-05', 93, 54769, '136.00', '136.00', 'Red Barrels', 'Red Barrels', '特别好评');
INSERT INTO `high_rating_popular_games` VALUES ('Valheim: 英灵神殿', '2021-02-02', 94, 423085, '70.00', '70.00', 'Iron Gate AB', 'Coffee Stain Publishing', '特别好评');
INSERT INTO `high_rating_popular_games` VALUES ('The Elder Scrolls V: Skyrim Special Edition', '2016-10-28', 94, 187384, '165.00', '165.00', 'Bethesda Game Studios', 'Bethesda Softworks', '特别好评');
INSERT INTO `high_rating_popular_games` VALUES ('枪火重生', '2021-11-18', 93, 84678, '68.00', '68.00', 'Duoyi Games', 'Duoyi Games', '特别好评');
INSERT INTO `high_rating_popular_games` VALUES ('神力科莎 Assetto Corsa', '2014-12-19', 92, 116015, '76.0', '19.00', 'Kunos Simulazioni', 'Kunos Simulazioni', '特别好评');
INSERT INTO `high_rating_popular_games` VALUES ('DEVOUR', '2021-01-28', 91, 63830, '42.00', '42.00', 'Straight Back Games', 'Straight Back Games', '特别好评');
INSERT INTO `high_rating_popular_games` VALUES ('Vampire Survivors - 吸血鬼幸存者', '2022-10-21', 98, 236824, '25.00', '25.00', 'poncle', 'poncle', '好评如潮');
INSERT INTO `high_rating_popular_games` VALUES ('Hades', '2020-09-17', 98, 257639, '92.00', '92.00', 'Supergiant Games', 'Supergiant Games', '好评如潮');
INSERT INTO `high_rating_popular_games` VALUES ('女神异闻录４ 黄金版', '2020-06-14', 97, 64934, '125.0', '62.50', 'ATLUS', 'SEGA', '好评如潮');
INSERT INTO `high_rating_popular_games` VALUES ('Marvel’s Spider-Man Remastered', '2022-08-12', 96, 79065, '414.00', '414.00', 'Insomniac Games', 'Nixxes Software', '好评如潮');
INSERT INTO `high_rating_popular_games` VALUES ('Disco Elysium - The Final Cut', '2019-10-16', 93, 100700, '116.0', '29.00', 'ZA/UM', 'ZA/UM', '特别好评');
INSERT INTO `high_rating_popular_games` VALUES ('《质量效应》传奇版', '2021-05-14', 91, 51317, '248.0', '24.80', 'BioWare', 'Electronic Arts', '特别好评');
INSERT INTO `high_rating_popular_games` VALUES ('Aimlabs', '2023-06-17', 92, 123811, '0', '0', 'State Space Labs, Inc.', 'State Space Labs, Inc.', '特别好评');
INSERT INTO `high_rating_popular_games` VALUES ('Aimlabs', '2023-06-17', 92, 123811, '0', '0', 'State Space Labs, Inc.', 'State Space Labs, Inc.', '特别好评');
INSERT INTO `high_rating_popular_games` VALUES ('Muse Dash', '2019-06-20', 91, 105296, '18.00', '18.00', 'peropero', 'hasuhasu', '特别好评');
INSERT INTO `high_rating_popular_games` VALUES ('Soundpad', '2017-10-01', 96, 79897, '22.00', '22.00', 'Leppsoft', 'Leppsoft', '好评如潮');
INSERT INTO `high_rating_popular_games` VALUES ('深海迷航', '2018-01-24', 97, 281108, '149.00', '149.00', 'Unknown Worlds Entertainment', 'Unknown Worlds Entertainment', '好评如潮');
INSERT INTO `high_rating_popular_games` VALUES ('Garry\'s Mod', '2006-11-30', 96, 993727, '36.00', '36.00', 'Facepunch Studios', 'Valve', '好评如潮');
INSERT INTO `high_rating_popular_games` VALUES ('咩咩启示录', '2022-08-11', 95, 88536, '118.00', '118.00', 'Massive Monster', 'Devolver Digital', '好评如潮');
INSERT INTO `high_rating_popular_games` VALUES ('前方高能', '2024-04-01', 94, 56927, '33.00', '33.00', 'Wilnyl', 'Philip', '特别好评');
INSERT INTO `high_rating_popular_games` VALUES ('Undertale', '2015-09-15', 96, 239847, '36.00', '36.00', 'tobyfox', 'tobyfox', '好评如潮');
INSERT INTO `high_rating_popular_games` VALUES ('饥荒', '2013-04-24', 96, 93223, '24.00', '24.00', 'Klei Entertainment', 'Klei Entertainment', '好评如潮');
INSERT INTO `high_rating_popular_games` VALUES ('恶魔轮盘', '2024-04-05', 96, 82143, '12.00', '12.00', 'Mike Klubnika', 'CRITICAL REFLEX', '好评如潮');
INSERT INTO `high_rating_popular_games` VALUES ('Darkest Dungeon®', '2016-01-20', 91, 128894, '92.00', '92.00', 'Red Hook Studios', 'Red Hook Studios', '特别好评');
INSERT INTO `high_rating_popular_games` VALUES ('Divinity: Original Sin 2 - Definitive Edition', '2017-09-14', 95, 165566, '133.00', '133.00', 'Larian Studios', 'Larian Studios', '好评如潮');
INSERT INTO `high_rating_popular_games` VALUES ('Divinity: Original Sin 2 - Definitive Edition', '2017-09-14', 95, 165566, '133.00', '133.00', 'Larian Studios', 'Larian Studios', '好评如潮');
INSERT INTO `high_rating_popular_games` VALUES ('Half-Life: Alyx', '2020-03-24', 98, 84995, '198.00', '198.00', 'Valve', 'Valve', '好评如潮');
INSERT INTO `high_rating_popular_games` VALUES ('Outer Wilds', '2020-06-18', 95, 69926, '95.00', '95.00', 'Mobius Digital', 'Annapurna Interactive', '好评如潮');
INSERT INTO `high_rating_popular_games` VALUES ('全面战争：战锤2', '2017-09-28', 93, 84147, '268.00', '268.00', 'CREATIVE ASSEMBLY', 'Feral Interactive (Mac)', '特别好评');
INSERT INTO `high_rating_popular_games` VALUES ('Teardown', '2022-04-21', 95, 101101, '119.0', '59.50', 'Tuxedo Labs', 'Tuxedo Labs', '好评如潮');
INSERT INTO `high_rating_popular_games` VALUES ('God of War', '2022-01-14', 96, 110199, '345.00', '345.00', 'Santa Monica Studio', 'Jetpack Interactive', '好评如潮');
INSERT INTO `high_rating_popular_games` VALUES ('机战佣兵™VI 境界天火™', '2023-08-25', 91, 60263, '298.00', '298.00', 'FromSoftware, Inc.', 'FromSoftware, Inc.', '特别好评');
INSERT INTO `high_rating_popular_games` VALUES ('Plants vs. Zombies GOTY Edition', '2009-05-06', 97, 127586, '21.00', '21.00', 'PopCap Games, Inc.', 'PopCap Games, Inc.', '好评如潮');
INSERT INTO `high_rating_popular_games` VALUES ('This War of Mine', '2014-11-15', 94, 60360, '76.0', '11.40', '11 bit studios', '11 bit studios', '特别好评');
INSERT INTO `high_rating_popular_games` VALUES ('邪恶冥刻', '2021-10-19', 96, 119639, '88.00', '88.00', 'Daniel Mullins Games', 'Devolver Digital', '好评如潮');
INSERT INTO `high_rating_popular_games` VALUES ('冰与火之舞 A Dance of Fire and Ice', '2019-01-25', 94, 68111, '26.00', '26.00', '7th Beat Games', '7th Beat Games', '特别好评');
INSERT INTO `high_rating_popular_games` VALUES ('ASTRONEER', '2019-02-06', 92, 109869, '108.00', '108.00', 'System Era Softworks', 'System Era Softworks', '特别好评');
INSERT INTO `high_rating_popular_games` VALUES ('Stray', '2022-07-19', 97, 138710, '110.00', '110.00', 'BlueTwelve Studio', 'Annapurna Interactive', '好评如潮');
INSERT INTO `high_rating_popular_games` VALUES ('挺进地牢', '2016-04-05', 95, 75035, '58.00', '58.00', 'Dodge Roll', 'Devolver Digital', '好评如潮');
INSERT INTO `high_rating_popular_games` VALUES ('房产达人', '2018-05-17', 94, 84118, '92.00', '92.00', 'Empyrean', 'Frozen District', '特别好评');
INSERT INTO `high_rating_popular_games` VALUES ('Totally Accurate Battle Simulator', '2021-04-02', 97, 126409, '70.00', '70.00', 'Landfall', 'Landfall', '好评如潮');
INSERT INTO `high_rating_popular_games` VALUES ('Tomb Raider', '2013-03-05', 96, 154671, '73.0', '10.95', 'Crystal Dynamics', 'Eidos-Montréal', '好评如潮');
INSERT INTO `high_rating_popular_games` VALUES ('Portal 2', '2011-04-19', 98, 358426, '42.00', '42.00', 'Valve', 'Valve', '好评如潮');
INSERT INTO `high_rating_popular_games` VALUES ('Barotrauma 潜渊症', '2023-03-14', 94, 51635, '130.00', '130.00', 'FakeFish', 'Undertow Games', '特别好评');
INSERT INTO `high_rating_popular_games` VALUES ('Supermarket Simulator', '2024-02-21', 93, 64163, '52.00', '52.00', 'Nokta Games', 'Nokta Games', '特别好评');
INSERT INTO `high_rating_popular_games` VALUES ('Among Us', '2018-11-17', 92, 615395, '25.00', '25.00', 'Innersloth', 'Innersloth', '特别好评');
INSERT INTO `high_rating_popular_games` VALUES ('DOOM Eternal', '2020-03-20', 91, 173547, '165.00', '165.00', 'id Software', 'Bethesda Softworks', '特别好评');
INSERT INTO `high_rating_popular_games` VALUES ('Pizza Tower', '2023-01-27', 98, 60200, '68.0', '45.56', 'Tour De Pizza', 'Tour De Pizza', '好评如潮');
INSERT INTO `high_rating_popular_games` VALUES ('Noita', '2020-10-16', 95, 71185, '70.00', '70.00', 'Nolla Games', 'Nolla Games', '好评如潮');
INSERT INTO `high_rating_popular_games` VALUES ('Kenshi', '2018-12-06', 95, 81043, '90.00', '90.00', 'Lo-Fi Games', 'Lo-Fi Games', '好评如潮');
INSERT INTO `high_rating_popular_games` VALUES ('METAL GEAR RISING: REVENGEANCE', '2014-01-10', 96, 64546, '168.00', '168.00', 'PlatinumGames', 'KONAMI', '好评如潮');
INSERT INTO `high_rating_popular_games` VALUES ('Mount & Blade: Warband', '2010-03-31', 97, 130625, '99.00', '99.00', 'TaleWorlds Entertainment', 'TaleWorlds Entertainment', '好评如潮');
INSERT INTO `high_rating_popular_games` VALUES ('Left 4 Dead', '2008-11-18', 96, 51654, '31.50', '31.50', 'Valve', 'Valve', '好评如潮');
INSERT INTO `high_rating_popular_games` VALUES ('Counter-Strike', '2000-11-01', 96, 159700, '37.00', '37.00', 'Valve', 'Valve', '好评如潮');
INSERT INTO `high_rating_popular_games` VALUES ('Ravenfield', '2017-05-18', 97, 69888, '68.00', '68.00', 'SteelRaven7', 'SteelRaven7', '好评如潮');
INSERT INTO `high_rating_popular_games` VALUES ('生化奇兵：无限 完全版', '2013-03-26', 93, 105251, '95.00', '95.00', 'Irrational Games', 'Virtual Programming (Linux)', '特别好评');
INSERT INTO `high_rating_popular_games` VALUES ('Batman™: Arkham Knight', '2015-06-24', 91, 95106, '68.00', '68.00', 'Rocksteady Studios', 'WB Games', '特别好评');
INSERT INTO `high_rating_popular_games` VALUES ('Sniper Elite 4', '2017-02-14', 91, 50887, '158.00', '158.00', 'Rebellion', 'Rebellion', '特别好评');
INSERT INTO `high_rating_popular_games` VALUES ('SPORE™', '2008-12-19', 92, 60057, '98.0', '24.50', 'Maxis™', 'Electronic Arts', '特别好评');
INSERT INTO `high_rating_popular_games` VALUES ('Kerbal Space Program', '2015-04-28', 95, 102956, '112.00', '112.00', 'Squad', 'Private Division', '好评如潮');
INSERT INTO `high_rating_popular_games` VALUES ('Castle Crashers®', '2012-09-27', 96, 96048, '48.00', '48.00', 'The Behemoth', 'The Behemoth', '好评如潮');
INSERT INTO `high_rating_popular_games` VALUES ('Slime Rancher', '2017-08-02', 97, 121362, '70.00', '70.00', 'Monomi Park', 'Monomi Park', '好评如潮');
INSERT INTO `high_rating_popular_games` VALUES ('ULTRAKILL', '2020-09-04', 97, 145559, '92.00', '92.00', 'Arsi \"Hakita\" Patala', 'New Blood Interactive', '好评如潮');
INSERT INTO `high_rating_popular_games` VALUES ('Farming Simulator 22', '2021-11-22', 92, 62469, '149.99', '112.49', 'Giants Software', 'Giants Software', '特别好评');
INSERT INTO `high_rating_popular_games` VALUES ('Stick Fight: The Game', '2017-09-29', 93, 97720, '19.00', '19.00', 'Landfall West', 'Landfall', '特别好评');
INSERT INTO `high_rating_popular_games` VALUES ('Borderlands 2', '2012-09-21', 94, 195737, '64.00', '64.00', 'Gearbox Software', 'Aspyr (Mac)', '特别好评');
INSERT INTO `high_rating_popular_games` VALUES ('INSIDE', '2016-07-08', 97, 61538, '68.00', '68.00', 'Playdead', 'Playdead', '好评如潮');
INSERT INTO `high_rating_popular_games` VALUES ('GRIS', '2018-12-13', 96, 71830, '58.0', '11.60', 'Nomada Studio', 'Devolver Digital', '好评如潮');
INSERT INTO `high_rating_popular_games` VALUES ('人中之龙０　誓约的场所', '2018-08-01', 95, 58275, '125.00', '125.00', 'Ryu Ga Gotoku Studio', 'SEGA', '好评如潮');
INSERT INTO `high_rating_popular_games` VALUES ('OMORI', '2020-12-25', 97, 71660, '70.00', '70.00', 'OMOCAT, LLC', 'OMOCAT, LLC', '好评如潮');
INSERT INTO `high_rating_popular_games` VALUES ('Blade and Sorcery', '2024-06-18', 96, 54320, '108.00', '108.00', 'WarpFrog', 'WarpFrog', '好评如潮');
INSERT INTO `high_rating_popular_games` VALUES ('武士 零', '2019-04-18', 98, 61993, '58.00', '58.00', 'Askiisoft', 'Devolver Digital', '好评如潮');
INSERT INTO `high_rating_popular_games` VALUES ('To the Moon《去月球》', '2012-09-08', 96, 63372, '39.00', '39.00', 'Freebird Games', 'Freebird Games', '好评如潮');
INSERT INTO `high_rating_popular_games` VALUES ('BattleBlock Theater®', '2014-05-16', 97, 54577, '48.00', '48.00', 'The Behemoth', 'The Behemoth', '好评如潮');
INSERT INTO `high_rating_popular_games` VALUES ('Portal', '2007-10-10', 98, 152458, '42.00', '42.00', 'Valve', 'Valve', '好评如潮');
INSERT INTO `high_rating_popular_games` VALUES ('Counter-Strike: Source', '2004-11-02', 96, 125793, '42.00', '42.00', 'Valve', 'Valve', '好评如潮');
INSERT INTO `high_rating_popular_games` VALUES ('Outlast', '2013-09-05', 96, 92383, '76.00', '76.00', 'Red Barrels', 'Red Barrels', '好评如潮');
INSERT INTO `high_rating_popular_games` VALUES ('Life is Strange - Episode 1', '2015-01-30', 96, 168909, '0', '0', 'DONTNOD Entertainment', 'Feral Interactive (Mac)', '好评如潮');
INSERT INTO `high_rating_popular_games` VALUES ('People Playground', '2019-07-24', 98, 262400, '37.00', '37.00', 'mestiez', 'Studio Minus', '好评如潮');
INSERT INTO `high_rating_popular_games` VALUES ('Fallout: New Vegas', '2010-10-22', 96, 181841, '41.00', '41.00', 'Obsidian Entertainment', 'Bethesda Softworks', '好评如潮');
INSERT INTO `high_rating_popular_games` VALUES ('Resident Evil 4 (2005)', '2014-02-28', 93, 64835, '99.0', '24.75', 'Capcom', 'Capcom', '特别好评');
INSERT INTO `high_rating_popular_games` VALUES ('Papers, Please', '2013-08-09', 97, 67077, '42.00', '42.00', 'Lucas Pope', '3909', '好评如潮');
INSERT INTO `high_rating_popular_games` VALUES ('Unturned', '2017-07-08', 91, 554667, '0', '0', 'Smartly Dressed Games', 'Smartly Dressed Games', '特别好评');
INSERT INTO `high_rating_popular_games` VALUES ('Sleeping Dogs: Definitive Edition', '2014-10-08', 93, 60114, '88.00', '88.00', 'United Front Games', 'Feral Interactive (Mac)', '特别好评');
INSERT INTO `high_rating_popular_games` VALUES ('CarX Drift Racing Online', '2017-11-18', 95, 76900, '58.00', '58.00', 'CarX Technologies, LLC', 'CarX Technologies, LLC', '好评如潮');
INSERT INTO `high_rating_popular_games` VALUES ('WEBFISHING', '2024-10-12', 98, 53074, '22.00', '22.00', 'lamedeveloper', 'lamedeveloper', '好评如潮');
INSERT INTO `high_rating_popular_games` VALUES ('Sid Meier\'s Civilization® V', '2010-09-24', 95, 123625, '95.00', '95.00', 'Firaxis Games', 'Aspyr (Mac)', '好评如潮');
INSERT INTO `high_rating_popular_games` VALUES ('Half-Life 2', '2007-10-10', 97, 179655, '42.00', '42.00', 'Valve', 'Valve', '好评如潮');
INSERT INTO `high_rating_popular_games` VALUES ('South Park™: The Stick of Truth™', '2014-03-06', 97, 55714, '148.00', '148.00', 'Obsidian Entertainment', 'Ubisoft', '好评如潮');
INSERT INTO `high_rating_popular_games` VALUES ('Age of Empires II (Retired)', '2013-04-10', 95, 83348, '68.00', '68.00', 'Skybox Labs', 'Hidden Path Entertainment', '好评如潮');
INSERT INTO `high_rating_popular_games` VALUES ('My Summer Car', '2025-01-09', 94, 83342, '48.00', '48.00', 'Amistech Games', 'Amistech Games', '特别好评');
INSERT INTO `high_rating_popular_games` VALUES ('Black Mesa', '2020-03-07', 95, 115826, '76.00', '76.00', 'Crowbar Collective', 'Crowbar Collective', '好评如潮');
INSERT INTO `high_rating_popular_games` VALUES ('火线迈阿密', '2012-10-24', 97, 89635, '42.00', '42.00', 'Dennaton Games', 'Devolver Digital', '好评如潮');
INSERT INTO `high_rating_popular_games` VALUES ('Supermarket Together', '2024-08-09', 94, 65118, '0', '0', 'DeadDevsTellNoLies', 'DeadDevsTellNoLies', '特别好评');
INSERT INTO `high_rating_popular_games` VALUES ('Farming Simulator 19', '2018-11-20', 94, 62975, '99.0', '69.30', 'Giants Software', 'Giants Software', '特别好评');
INSERT INTO `high_rating_popular_games` VALUES ('Half-Life', '1998-11-20', 96, 104444, '37.00', '37.00', 'Valve', 'Valve', '好评如潮');
INSERT INTO `high_rating_popular_games` VALUES ('My Summer Car', '2025-01-09', 94, 83366, '48.00', '48.00', 'Amistech Games', 'Amistech Games', '特别好评');
INSERT INTO `high_rating_popular_games` VALUES ('Dishonored', '2012-10-09', 97, 62251, '41.00', '41.00', 'Arkane Studios', 'Bethesda Softworks', '好评如潮');
INSERT INTO `high_rating_popular_games` VALUES ('Mad Max', '2015-09-01', 91, 52000, '68.00', '68.00', 'Avalanche Studios', 'Warner Bros. Games', '特别好评');
INSERT INTO `high_rating_popular_games` VALUES ('Batman: Arkham Asylum Game of the Year Edition', '2010-03-27', 96, 51740, '68.00', '68.00', 'Rocksteady Studios', 'WB Games', '好评如潮');
INSERT INTO `high_rating_popular_games` VALUES ('Doki Doki Literature Club!', '2017-10-06', 96, 210076, '0', '0', 'Team Salvato', 'Team Salvato', '好评如潮');
INSERT INTO `high_rating_popular_games` VALUES ('Insurgency', '2014-01-23', 92, 86452, '50.00', '50.00', 'New World Interactive', 'New World Interactive', '特别好评');
INSERT INTO `high_rating_popular_games` VALUES ('Batman: Arkham Asylum Game of the Year Edition', '2010-03-27', 96, 51747, '68.00', '68.00', 'Rocksteady Studios', 'WB Games', '好评如潮');
INSERT INTO `high_rating_popular_games` VALUES ('Crab Game', '2021-10-29', 91, 152504, '0', '0', 'Dani', 'Dani', '特别好评');
INSERT INTO `high_rating_popular_games` VALUES ('SCP秘密实验室 / SCP: Secret Laboratory', '2017-12-30', 91, 212788, '0', '0', 'Northwood Studios', 'Northwood Studios', '特别好评');
INSERT INTO `high_rating_popular_games` VALUES ('Everlasting Summer', '2014-11-19', 94, 75353, '0', '0', 'Soviet Games', 'Soviet Games', '特别好评');

-- ----------------------------
-- Table structure for publish_year_stats
-- ----------------------------
DROP TABLE IF EXISTS `publish_year_stats`;
CREATE TABLE `publish_year_stats`  (
  `publish_year` varchar(20) CHARACTER SET utf8mb4 COLLATE utf8mb4_unicode_ci NULL DEFAULT NULL,
  `game_count` int(11) NULL DEFAULT NULL
) ENGINE = InnoDB CHARACTER SET = utf8mb4 COLLATE = utf8mb4_unicode_ci ROW_FORMAT = Dynamic;

-- ----------------------------
-- Records of publish_year_stats
-- ----------------------------
INSERT INTO `publish_year_stats` VALUES ('1998', 1);
INSERT INTO `publish_year_stats` VALUES ('1999', 3);
INSERT INTO `publish_year_stats` VALUES ('2000', 1);
INSERT INTO `publish_year_stats` VALUES ('2001', 1);
INSERT INTO `publish_year_stats` VALUES ('2002', 2);
INSERT INTO `publish_year_stats` VALUES ('2003', 1);
INSERT INTO `publish_year_stats` VALUES ('2004', 3);
INSERT INTO `publish_year_stats` VALUES ('2005', 5);
INSERT INTO `publish_year_stats` VALUES ('2006', 52);
INSERT INTO `publish_year_stats` VALUES ('2007', 80);
INSERT INTO `publish_year_stats` VALUES ('2008', 189);
INSERT INTO `publish_year_stats` VALUES ('2009', 384);
INSERT INTO `publish_year_stats` VALUES ('2010', 312);
INSERT INTO `publish_year_stats` VALUES ('2011', 439);
INSERT INTO `publish_year_stats` VALUES ('2012', 549);
INSERT INTO `publish_year_stats` VALUES ('2013', 808);
INSERT INTO `publish_year_stats` VALUES ('2014', 2023);
INSERT INTO `publish_year_stats` VALUES ('2015', 3674);
INSERT INTO `publish_year_stats` VALUES ('2016', 5525);
INSERT INTO `publish_year_stats` VALUES ('2017', 7212);
INSERT INTO `publish_year_stats` VALUES ('2018', 9525);
INSERT INTO `publish_year_stats` VALUES ('2019', 8563);
INSERT INTO `publish_year_stats` VALUES ('2020', 10366);
INSERT INTO `publish_year_stats` VALUES ('2021', 11548);
INSERT INTO `publish_year_stats` VALUES ('2022', 11124);
INSERT INTO `publish_year_stats` VALUES ('2023', 13205);
INSERT INTO `publish_year_stats` VALUES ('2024', 18951);
INSERT INTO `publish_year_stats` VALUES ('2025', 9880);
INSERT INTO `publish_year_stats` VALUES ('2026', 209);
INSERT INTO `publish_year_stats` VALUES ('2027', 21);
INSERT INTO `publish_year_stats` VALUES ('2028', 6);
INSERT INTO `publish_year_stats` VALUES ('2029', 3);
INSERT INTO `publish_year_stats` VALUES ('2030', 7);
INSERT INTO `publish_year_stats` VALUES ('2032', 3);
INSERT INTO `publish_year_stats` VALUES ('2052', 1);
INSERT INTO `publish_year_stats` VALUES ('2070', 1);
INSERT INTO `publish_year_stats` VALUES ('6969', 1);
INSERT INTO `publish_year_stats` VALUES ('Comi', 1);
INSERT INTO `publish_year_stats` VALUES ('Mayb', 1);
INSERT INTO `publish_year_stats` VALUES ('Sept', 2);
INSERT INTO `publish_year_stats` VALUES ('rele', 1);
INSERT INTO `publish_year_stats` VALUES ('即将宣布', 2295);
INSERT INTO `publish_year_stats` VALUES ('即将推出', 5533);

-- ----------------------------
-- Table structure for recent_games_analysis
-- ----------------------------
DROP TABLE IF EXISTS `recent_games_analysis`;
CREATE TABLE `recent_games_analysis`  (
  `title` varchar(255) CHARACTER SET utf8mb4 COLLATE utf8mb4_unicode_ci NOT NULL,
  `release_date` date NULL DEFAULT NULL,
  `review_count_num` double NULL DEFAULT NULL,
  `good_rate` varchar(10) CHARACTER SET utf8mb4 COLLATE utf8mb4_unicode_ci NULL DEFAULT NULL,
  `original_price` varchar(50) CHARACTER SET utf8mb4 COLLATE utf8mb4_unicode_ci NULL DEFAULT NULL,
  `final_price` varchar(50) CHARACTER SET utf8mb4 COLLATE utf8mb4_unicode_ci NULL DEFAULT NULL,
  `developer` varchar(255) CHARACTER SET utf8mb4 COLLATE utf8mb4_unicode_ci NULL DEFAULT NULL,
  `publisher` varchar(255) CHARACTER SET utf8mb4 COLLATE utf8mb4_unicode_ci NULL DEFAULT NULL,
  `overall_evaluation` varchar(255) CHARACTER SET utf8mb4 COLLATE utf8mb4_unicode_ci NULL DEFAULT NULL,
  `rank_by_reviews` int(11) NULL DEFAULT NULL
) ENGINE = InnoDB CHARACTER SET = utf8mb4 COLLATE = utf8mb4_unicode_ci ROW_FORMAT = Dynamic;

-- ----------------------------
-- Records of recent_games_analysis
-- ----------------------------
INSERT INTO `recent_games_analysis` VALUES ('黑神话：悟空', '2024-08-20', 832216, '96.0', '268.00', '268.00', 'Game Science', 'Game Science', '好评如潮', 1);
INSERT INTO `recent_games_analysis` VALUES ('漫威争锋', '2024-12-06', 275483, '80.0', '0', '0', 'NetEase Games', 'NetEase Games', '特别好评', 3);
INSERT INTO `recent_games_analysis` VALUES ('7 Days to Die', '2024-07-26', 251629, '88.0', '152.00', '152.00', 'The Fun Pimps', 'The Fun Pimps Entertainment LLC', '特别好评', 4);
INSERT INTO `recent_games_analysis` VALUES ('幸福工厂', '2024-09-10', 194365, '97.0', '136.00', '136.00', 'Coffee Stain Studios', 'Coffee Stain Publishing', '好评如潮', 5);
INSERT INTO `recent_games_analysis` VALUES ('Schedule I', '2025-03-25', 165512, '98.0', '76.00', '76.00', 'TVGS', 'TVGS', '好评如潮', 6);
INSERT INTO `recent_games_analysis` VALUES ('Monster Hunter Wilds', '2025-02-28', 128902, '63.0', '368.00', '368.00', 'CAPCOM Co., Ltd.', 'CAPCOM Co., Ltd.', '褒贬不一', 7);
INSERT INTO `recent_games_analysis` VALUES ('七日世界', '2024-07-10', 127268, '73.0', '0', '0', 'Starry Studio', 'Starry Studio', '多半好评', 8);
INSERT INTO `recent_games_analysis` VALUES ('R.E.P.O.', '2025-02-26', 126246, '96.0', '42.00', '42.00', 'semiwork', 'semiwork', '好评如潮', 9);
INSERT INTO `recent_games_analysis` VALUES ('Warhammer 40,000: 星际战士2', '2024-09-10', 116829, '83.0', '249.00', '249.00', 'Saber Interactive', 'Focus Entertainment', '特别好评', 10);
INSERT INTO `recent_games_analysis` VALUES ('三角洲行动', '2024-12-05', 104955, '64.0', '0', '0', 'Team Jade', 'TiMi Studio Group', '褒贬不一', 11);
INSERT INTO `recent_games_analysis` VALUES ('The First Descendant', '2024-06-30', 102558, '56.0', '0', '0', 'NEXON Games Co., Ltd.', 'NEXON', '褒贬不一', 12);
INSERT INTO `recent_games_analysis` VALUES ('米塔 MiSide', '2024-12-11', 95349, '98.0', '52.0', '46.80', 'AIHASTO', 'IndieArk', '好评如潮', 13);
INSERT INTO `recent_games_analysis` VALUES ('潜行者2：切尔诺贝利之心', '2024-11-20', 85142, '81.0', '268.00', '268.00', 'GSC Game World', 'GSC Game World (worldwide)', '特别好评', 14);
INSERT INTO `recent_games_analysis` VALUES ('My Summer Car', '2025-01-09', 83366, '94.0', '48.00', '48.00', 'Amistech Games', 'Amistech Games', '特别好评', 15);
INSERT INTO `recent_games_analysis` VALUES ('My Summer Car', '2025-01-09', 83342, '94.0', '48.00', '48.00', 'Amistech Games', 'Amistech Games', '特别好评', 16);
INSERT INTO `recent_games_analysis` VALUES ('艾尔登法环 黄金树幽影', '2024-06-21', 80454, '71.0', '198.00', '198.00', 'FromSoftware, Inc.', 'FromSoftware, Inc.', '多半好评', 17);
INSERT INTO `recent_games_analysis` VALUES ('天国：拯救2', '2025-02-04', 72668, '93.0', '228.00', '228.00', 'Warhorse Studios', 'Deep Silver', '特别好评', 18);
INSERT INTO `recent_games_analysis` VALUES ('越来越黑暗 Dark and Darker', '2024-06-08', 68863, '70.0', '0', '0', 'IRONMACE', 'IRONMACE', '多半好评', 19);
INSERT INTO `recent_games_analysis` VALUES ('Supermarket Together', '2024-08-09', 65118, '94.0', '0', '0', 'DeadDevsTellNoLies', 'DeadDevsTellNoLies', '特别好评', 20);
INSERT INTO `recent_games_analysis` VALUES ('《EA SPORTS FC™ 25》', '2024-09-27', 63043, '49.0', '248.0', '74.40', 'EA Canada', 'EA Romania', '褒贬不一', 21);
INSERT INTO `recent_games_analysis` VALUES ('THRONE AND LIBERTY', '2024-10-02', 62848, '68.0', '0', '0', 'NCSOFT', 'Amazon Games', '褒贬不一', 22);
INSERT INTO `recent_games_analysis` VALUES ('Blade and Sorcery', '2024-06-18', 54320, '96.0', '108.00', '108.00', 'WarpFrog', 'WarpFrog', '好评如潮', 23);
INSERT INTO `recent_games_analysis` VALUES ('WEBFISHING', '2024-10-12', 53074, '98.0', '22.00', '22.00', 'lamedeveloper', 'lamedeveloper', '好评如潮', 24);
INSERT INTO `recent_games_analysis` VALUES ('双影奇境', '2025-03-07', 47934, '97.0', '198.00', '198.00', 'Hazelight Studios', 'Electronic Arts', '好评如潮', 25);
INSERT INTO `recent_games_analysis` VALUES ('Chained Together', '2024-06-19', 44736, '90.0', '22.00', '22.00', 'Anegar Games', 'Anegar Games', '特别好评', 26);
INSERT INTO `recent_games_analysis` VALUES ('七龙珠 电光炸裂！ZERO', '2024-10-11', 44658, '90.0', '298.00', '298.00', 'Spike Chunsoft Co., Ltd.', 'Bandai Namco Entertainment', '特别好评', 27);
INSERT INTO `recent_games_analysis` VALUES ('Grand Theft Auto V 增强版', '2025-03-04', 42514, '66.0', '149.0', '74.50', 'Rockstar North', 'Rockstar Games', '褒贬不一', 28);
INSERT INTO `recent_games_analysis` VALUES ('Ghost of Tsushima导演剪辑版', '2024-05-16', 42229, '93.0', '398.00', '398.00', 'Sucker Punch Productions', 'Nixxes Software', '特别好评', 29);
INSERT INTO `recent_games_analysis` VALUES ('Liar\'s Bar', '2024-10-02', 41575, '91.0', '29.00', '29.00', 'Curve Animation', 'Curve Animation', '特别好评', 30);
INSERT INTO `recent_games_analysis` VALUES ('护核纪元', '2024-08-27', 41153, '92.0', '76.00', '76.00', 'Pugstorm', 'Fireshine Games', '特别好评', 31);
INSERT INTO `recent_games_analysis` VALUES ('TCG Card Shop Simulator', '2024-09-15', 36986, '97.0', '52.00', '52.00', 'OPNeon Games', 'OPNeon Games', '好评如潮', 32);
INSERT INTO `recent_games_analysis` VALUES ('龙腾世纪™: 影障守护者', '2024-11-01', 36936, '69.0', '298.0', '149.00', 'BioWare', 'Electronic Arts', '褒贬不一', 33);
INSERT INTO `recent_games_analysis` VALUES ('界外狂潮', '2025-03-07', 36635, '73.0', '0', '0', 'Bad Guitar Studio', 'Bad Guitar Studio', '多半好评', 34);
INSERT INTO `recent_games_analysis` VALUES ('The Elder Scrolls IV: Oblivion Remastered', '2025-04-22', 35976, '82.0', '249.00', '249.00', 'Bethesda Game Studios', 'Virtuos', '特别好评', 35);
INSERT INTO `recent_games_analysis` VALUES ('光与影：33号远征队', '2025-04-24', 32761, '93.0', '218.00', '218.00', 'Sandfall Interactive', 'Kepler Interactive', '特别好评', 36);
INSERT INTO `recent_games_analysis` VALUES ('Deadside', '2024-12-06', 32675, '77.0', '92.00', '92.00', 'Bad Pixel', 'Bad Pixel', '多半好评', 37);
INSERT INTO `recent_games_analysis` VALUES ('Bodycam', '2024-06-08', 31220, '74.0', '128.00', '128.00', 'Reissad Studio', 'Reissad Studio', '多半好评', 38);
INSERT INTO `recent_games_analysis` VALUES ('席德·梅尔的文明VII', '2025-02-11', 30923, '48.0', '298.00', '298.00', 'Firaxis Games', '2K', '褒贬不一', 39);
INSERT INTO `recent_games_analysis` VALUES ('活侠传', '2024-06-14', 28346, '72.0', '68.00', '68.00', 'Obb Studio Inc.', 'Paras Games', '多半好评', 40);
INSERT INTO `recent_games_analysis` VALUES ('SILENT HILL 2', '2024-10-08', 27920, '95.0', '392.00', '392.00', 'Bloober Team SA', 'KONAMI', '好评如潮', 41);
INSERT INTO `recent_games_analysis` VALUES ('Starship Troopers: Extermination', '2024-10-11', 27847, '81.0', '108.00', '108.00', 'Offworld', 'Offworld', '特别好评', 42);
INSERT INTO `recent_games_analysis` VALUES ('Zero Hour', '2024-09-10', 27174, '79.0', '20.00', '20.00', 'M7 Productions', 'Attrito', '多半好评', 43);
INSERT INTO `recent_games_analysis` VALUES ('缄默祸运', '2024-09-27', 26704, '96.0', '52.00', '52.00', 'Wrong Organ', 'CRITICAL REFLEX', '好评如潮', 44);
INSERT INTO `recent_games_analysis` VALUES ('Strinova', '2024-11-22', 24971, '75.0', '0', '0', 'iDreamSky', 'iDreamSky', '多半好评', 45);
INSERT INTO `recent_games_analysis` VALUES ('九日', '2024-05-29', 24168, '95.0', '130.00', '130.00', 'RedCandleGames', 'RedCandleGames', '好评如潮', 46);
INSERT INTO `recent_games_analysis` VALUES ('UBOAT', '2024-08-02', 21846, '83.0', '108.0', '32.40', 'Deep Water Studio', 'PlayWay S.A.', '特别好评', 47);
INSERT INTO `recent_games_analysis` VALUES ('ENA: Dream BBQ', '2025-03-27', 21812, '98.0', '0', '0', 'ENA Team', 'Joel G', '好评如潮', 48);
INSERT INTO `recent_games_analysis` VALUES ('Farming Simulator 25', '2024-11-12', 20769, '83.0', '209.0', '167.20', 'Giants Software', 'Giants Software', '特别好评', 49);
INSERT INTO `recent_games_analysis` VALUES ('Dinkum(金垦小镇)', '2025-04-23', 20251, '93.0', '79.00', '79.00', 'James Bendon', 'KRAFTON, Inc.', '特别好评', 50);
INSERT INTO `recent_games_analysis` VALUES ('Crime Scene Cleaner', '2024-08-14', 19926, '97.0', '70.50', '70.50', 'President Studio', 'President Studio', '好评如潮', 51);
INSERT INTO `recent_games_analysis` VALUES ('Thronefall', '2024-10-11', 19819, '96.0', '52.00', '52.00', 'GrizzlyGames', 'GrizzlyGames', '好评如潮', 52);
INSERT INTO `recent_games_analysis` VALUES ('工人与资源：苏维埃共和国 Workers & Resources: Soviet Republic', '2024-06-21', 19610, '91.0', '149.00', '149.00', '3Division', 'Hooded Horse', '特别好评', 53);
INSERT INTO `recent_games_analysis` VALUES ('God of War Ragnarök', '2024-09-19', 19601, '87.0', '398.00', '398.00', 'Santa Monica Studio', 'Jetpack Interactive', '特别好评', 54);
INSERT INTO `recent_games_analysis` VALUES ('暗喻幻想：ReFantazio', '2024-10-11', 19277, '91.0', '298.00', '298.00', 'ATLUS', 'SEGA', '特别好评', 55);
INSERT INTO `recent_games_analysis` VALUES ('NBA 2K25', '2024-10-29', 19164, '60.0', '369.0', '92.25', 'Visual Concepts', '2K', '褒贬不一', 56);
INSERT INTO `recent_games_analysis` VALUES ('Foundation', '2025-01-31', 18805, '85.0', '128.00', '128.00', 'Polymorph Games', 'Polymorph Games', '特别好评', 57);
INSERT INTO `recent_games_analysis` VALUES ('刺客信条：影', '2025-03-20', 18180, '80.0', '348.00', '348.00', 'Ubisoft Quebec', 'Ubisoft Belgrade', '特别好评', 58);
INSERT INTO `recent_games_analysis` VALUES ('inZOI', '2025-03-28', 17944, '81.0', '188.00', '188.00', 'inZOI Studio', 'KRAFTON, Inc.', '特别好评', 59);
INSERT INTO `recent_games_analysis` VALUES ('Tiny Glade', '2024-09-23', 17908, '97.0', '58.00', '58.00', 'Pounce Light', 'Pounce Light', '好评如潮', 60);
INSERT INTO `recent_games_analysis` VALUES ('Fields of Mistria', '2024-08-06', 17725, '97.0', '56.00', '56.00', 'NPC Studio', 'NPC Studio', '好评如潮', 61);
INSERT INTO `recent_games_analysis` VALUES ('Car For Sale Simulator 2023', '2024-11-01', 17438, '80.0', '92.00', '92.00', 'Red Axe Games', 'Red Axe Games', '特别好评', 62);
INSERT INTO `recent_games_analysis` VALUES ('Bongo Cat', '2025-03-05', 17290, '98.0', '0', '0', 'Marcel Zurawka', 'Irox Games', '好评如潮', 63);
INSERT INTO `recent_games_analysis` VALUES ('永恒寒冬', '2024-09-25', 16390, '72.0', '108.00', '108.00', 'Fun Dog Studios', 'Fun Dog Studios', '多半好评', 64);
INSERT INTO `recent_games_analysis` VALUES ('Undisputed', '2024-10-08', 16367, '64.0', '185.80', '185.80', 'Steel City Interactive', 'Deep Silver', '褒贬不一', 65);
INSERT INTO `recent_games_analysis` VALUES ('冰汽时代2', '2024-09-21', 16176, '75.0', '149.00', '149.00', '11 bit studios', '11 bit studios', '多半好评', 66);
INSERT INTO `recent_games_analysis` VALUES ('RuneScape: Dragonwilds', '2025-04-16', 15705, '84.0', '138.00', '138.00', 'Jagex Ltd', 'Jagex Ltd', '特别好评', 67);
INSERT INTO `recent_games_analysis` VALUES ('FINAL FANTASY XVI', '2024-09-17', 15633, '79.0', '298.0', '193.70', 'Square Enix', 'Square Enix', '多半好评', 68);
INSERT INTO `recent_games_analysis` VALUES ('Tower Unite', '2025-04-20', 15413, '89.0', '76.00', '76.00', 'PixelTail Games', 'PixelTail Games', '特别好评', 69);
INSERT INTO `recent_games_analysis` VALUES ('Age of Mythology: Retold', '2024-09-05', 14961, '90.0', '148.0', '118.40', 'World\'s Edge', 'Forgotten Empires', '特别好评', 70);
INSERT INTO `recent_games_analysis` VALUES ('Rocksmith® 2014 Edition REMASTERED LEARN & PLAY', '2024-12-20', 14256, '87.0', '48.00', '48.00', 'Ubisoft - San Francisco', 'Ubisoft - Osaka', '特别好评', 71);
INSERT INTO `recent_games_analysis` VALUES ('地下蚁国 Empires of the Undergrowth', '2024-06-08', 14067, '94.0', '99.00', '99.00', 'Slug Disco', 'Hooded Horse', '特别好评', 72);
INSERT INTO `recent_games_analysis` VALUES ('Predecessor', '2024-08-20', 13790, '73.0', '0', '0', 'Omeda Studios', 'Omeda Studios', '多半好评', 73);
INSERT INTO `recent_games_analysis` VALUES ('钢铁指挥官', '2024-09-26', 13676, '86.0', '36.00', '36.00', 'Game River', 'Dreamhaven', '特别好评', 74);
INSERT INTO `recent_games_analysis` VALUES ('真・三国无双 起源', '2025-01-17', 13578, '92.0', '349.0', '279.20', 'KOEI TECMO GAMES CO., LTD.', 'KOEI TECMO GAMES CO., LTD.', '特别好评', 75);
INSERT INTO `recent_games_analysis` VALUES ('FINAL FANTASY VII REBIRTH', '2025-01-23', 13524, '78.0', '446.0', '312.20', 'Square Enix', 'Square Enix', '多半好评', 76);
INSERT INTO `recent_games_analysis` VALUES ('ATLYSS', '2024-11-23', 13351, '97.0', '42.00', '42.00', 'Kiseff', 'KisSoft', '好评如潮', 77);
INSERT INTO `recent_games_analysis` VALUES ('苏丹的游戏', '2025-03-31', 13330, '93.0', '80.00', '80.00', 'Double Cross', '2P Games', '特别好评', 78);
INSERT INTO `recent_games_analysis` VALUES ('Marvel\'s Spider-Man 2', '2025-01-31', 13202, '75.0', '398.00', '398.00', 'Insomniac Games', 'Nixxes Software', '多半好评', 79);
INSERT INTO `recent_games_analysis` VALUES ('F1® 24', '2024-05-31', 12906, '74.0', '298.00', '298.00', 'Codemasters', 'Electronic Arts', '多半好评', 80);
INSERT INTO `recent_games_analysis` VALUES ('掘地求财', '2025-02-07', 12888, '89.0', '18.50', '18.50', 'DoubleBee', 'rokaplay Bou·tique', '特别好评', 81);
INSERT INTO `recent_games_analysis` VALUES ('Shadows of Doubt - 凶影疑云', '2024-09-26', 12638, '84.0', '92.00', '92.00', 'ColePowered Games', 'Fireshine Games', '特别好评', 82);
INSERT INTO `recent_games_analysis` VALUES ('新星漂移 Nova Drift', '2024-08-12', 12326, '95.0', '68.00', '68.00', 'Chimeric', 'Pixeljam', '好评如潮', 83);
INSERT INTO `recent_games_analysis` VALUES ('The Last of Us™ Part II Remastered', '2025-04-04', 12274, '89.0', '345.00', '345.00', 'Naughty Dog LLC', 'Nixxes Software', '特别好评', 84);
INSERT INTO `recent_games_analysis` VALUES ('ZERO Sievert', '2024-10-23', 12144, '85.0', '76.0', '60.80', 'CABO Studio', 'Modern Wolf', '特别好评', 85);
INSERT INTO `recent_games_analysis` VALUES ('ENDER MAGNOLIA: Bloom in the Mist', '2025-01-22', 12064, '95.0', '98.0', '73.50', 'Adglobe', 'Live Wire', '好评如潮', 86);
INSERT INTO `recent_games_analysis` VALUES ('魔法工艺 Magicraft', '2024-11-02', 12023, '91.0', '52.00', '52.00', '波浪游戏 (Wave Game)', 'bilibili', '特别好评', 87);
INSERT INTO `recent_games_analysis` VALUES ('灵魂面甲(Soulmask)', '2024-05-31', 11958, '80.0', '108.0', '81.00', 'CampFire Studio', 'Qooland Games', '特别好评', 88);
INSERT INTO `recent_games_analysis` VALUES ('Age of History 3', '2024-10-23', 11804, '87.0', '50.0', '35.00', 'Łukasz Jakowski', 'Łukasz Jakowski Games', '特别好评', 89);
INSERT INTO `recent_games_analysis` VALUES ('Ravenswatch 鸦卫奇旅', '2024-09-27', 11611, '80.0', '95.00', '95.00', 'Passtech Games', 'Nacon', '特别好评', 90);
INSERT INTO `recent_games_analysis` VALUES ('Call of Duty®: Black Ops 6', '2024-10-25', 11563, '45.0', '488.00', '488.00', 'Treyarch', 'Raven Software', '褒贬不一', 91);
INSERT INTO `recent_games_analysis` VALUES ('WARNO', '2024-05-23', 11233, '82.0', '188.0', '112.80', 'Eugen Systems', 'Eugen Systems', '特别好评', 92);
INSERT INTO `recent_games_analysis` VALUES ('Nodebuster', '2024-08-14', 11175, '97.0', '15.00', '15.00', 'Goblobin', 'Goblobin', '好评如潮', 93);
INSERT INTO `recent_games_analysis` VALUES ('首都高赛车', '2025-01-23', 10664, '95.0', '159.00', '159.00', 'Genki Co.,Ltd.', 'Genki Co.,Ltd.', '好评如潮', 94);
INSERT INTO `recent_games_analysis` VALUES ('The First Berserker: Khazan', '2025-03-27', 10616, '90.0', '398.00', '398.00', 'Neople', 'NEXON', '特别好评', 95);
INSERT INTO `recent_games_analysis` VALUES ('征服之歌', '2024-05-20', 10277, '86.0', '109.0', '37.06', 'Lavapotion', 'Coffee Stain Publishing', '特别好评', 96);
INSERT INTO `recent_games_analysis` VALUES ('CarX Street', '2024-08-29', 9911, '70.0', '140.00', '140.00', 'CarX Technologies, LLC', 'CarX Technologies, LLC', '多半好评', 97);
INSERT INTO `recent_games_analysis` VALUES ('破门而入2：北方特遣队', '2025-02-10', 9789, '95.0', '92.00', '92.00', 'KillHouse Games', 'KillHouse Games', '好评如潮', 98);
INSERT INTO `recent_games_analysis` VALUES ('Caves of Qud', '2024-12-06', 9623, '95.0', '105.00', '105.00', 'Freehold Games', 'Kitfox Games', '好评如潮', 99);
INSERT INTO `recent_games_analysis` VALUES ('雨中冒险 2: 风暴探寻者', '2024-08-28', 9566, '35.0', '50.00', '50.00', 'Gearbox Software', 'Gearbox Publishing', '多半差评', 100);
INSERT INTO `recent_games_analysis` VALUES ('索尼克×夏特 世代重启', '2024-10-25', 9544, '97.0', '229.0', '160.30', 'Sonic Team', 'SEGA', '好评如潮', 101);
INSERT INTO `recent_games_analysis` VALUES ('Nuclear Nightmare', '2024-10-21', 9150, '82.0', '29.00', '29.00', 'BG Productions', 'BG Productions', '特别好评', 102);
INSERT INTO `recent_games_analysis` VALUES ('Red Dead Redemption', '2024-10-29', 9128, '92.0', '249.00', '249.00', 'Rockstar Games', 'Double Eleven', '特别好评', 103);
INSERT INTO `recent_games_analysis` VALUES ('Five Nights at Freddy\'s: Into the Pit', '2024-08-08', 8997, '95.0', '76.00', '76.00', 'Mega Cat Studios', 'Mega Cat Studios', '好评如潮', 104);
INSERT INTO `recent_games_analysis` VALUES ('Avowed', '2025-02-19', 8909, '77.0', '348.0', '278.40', 'Obsidian Entertainment', 'Xbox Game Studios', '多半好评', 105);
INSERT INTO `recent_games_analysis` VALUES ('No More Room in Hell 2', '2024-10-22', 8815, '52.0', '108.00', '108.00', 'Torn Banner Studios', 'Torn Banner Studios', '褒贬不一', 106);
INSERT INTO `recent_games_analysis` VALUES ('《神力科莎EVO》 Assetto Corsa EVO', '2025-01-16', 8670, '70.0', '198.0', '158.40', 'KUNOS Simulazioni', '505 Games', '多半好评', 107);
INSERT INTO `recent_games_analysis` VALUES ('PANICORE', '2024-05-31', 8589, '80.0', '22.00', '22.00', 'ZTEK Studio', 'ZTEK Studio', '特别好评', 108);
INSERT INTO `recent_games_analysis` VALUES ('夺宝奇兵：古老之圈', '2024-12-09', 8570, '90.0', '349.00', '349.00', 'MachineGames', 'Bethesda Softworks', '特别好评', 109);
INSERT INTO `recent_games_analysis` VALUES ('黑暗时代：背水一战', '2025-01-16', 8378, '76.0', '99.00', '99.00', 'PlaySide', 'PlaySide', '多半好评', 110);
INSERT INTO `recent_games_analysis` VALUES ('露玛岛', '2024-11-20', 8367, '83.0', '58.00', '58.00', 'Feel Free Games', 'Feel Free Games', '特别好评', 111);
INSERT INTO `recent_games_analysis` VALUES ('要战便战', '2024-10-05', 8301, '85.0', '77.50', '77.50', 'Door 407', 'Door 407', '特别好评', 112);
INSERT INTO `recent_games_analysis` VALUES ('Witchfire', '2024-09-23', 8025, '92.0', '139.00', '139.00', 'The Astronauts', 'The Astronauts', '特别好评', 113);
INSERT INTO `recent_games_analysis` VALUES ('Poppy Playtime - Chapter 4', '2025-01-31', 7925, '67.0', '76.00', '76.00', 'Mob Entertainment', 'Mob Entertainment', '褒贬不一', 114);
INSERT INTO `recent_games_analysis` VALUES ('Until Then', '2024-06-25', 7888, '97.0', '76.0', '45.60', 'Polychroma Games', 'Maximum Entertainment', '好评如潮', 115);
INSERT INTO `recent_games_analysis` VALUES ('过山车之星2', '2024-11-06', 7874, '63.0', '168.00', '168.00', 'Frontier Developments', 'Frontier Developments', '褒贬不一', 116);
INSERT INTO `recent_games_analysis` VALUES ('王国保卫战 5：联盟', '2024-07-25', 7763, '87.0', '76.00', '76.00', 'Ironhide Game Studio', 'Ironhide Game Studio', '特别好评', 117);
INSERT INTO `recent_games_analysis` VALUES ('VLADiK BRUTAL', '2024-08-09', 7701, '90.0', '48.0', '33.60', 'BRUTAL SOFTWARE', 'BRUTAL SOFTWARE', '特别好评', 118);
INSERT INTO `recent_games_analysis` VALUES ('THE KING OF FIGHTERS XV', '2024-12-12', 7598, '83.0', '108.0', '43.20', 'SNK CORPORATION', 'SNK CORPORATION', '特别好评', 119);
INSERT INTO `recent_games_analysis` VALUES ('风中行者', '2024-10-24', 7275, '90.0', '98.00', '98.00', 'Motion Twin', 'Motion Twin', '特别好评', 120);
INSERT INTO `recent_games_analysis` VALUES ('血战突袭', '2025-03-14', 7150, '80.0', '0', '0', 'NetEase Games', 'NetEase Games', '特别好评', 121);
INSERT INTO `recent_games_analysis` VALUES ('Farmer Against Potatoes Idle', '2024-09-05', 7081, '95.0', '0', '0', 'Oni Gaming', 'Oni Gaming', '好评如潮', 122);
INSERT INTO `recent_games_analysis` VALUES ('罗格：救世传说', '2025-03-08', 7063, '91.0', '58.00', '58.00', 'Ouadi Huard', 'Ouadi Huard', '特别好评', 123);
INSERT INTO `recent_games_analysis` VALUES ('Half-Life 2 RTX', '2025-03-18', 6983, '53.0', '0', '0', 'Orbifold Studios', 'Orbifold Studios', '褒贬不一', 124);
INSERT INTO `recent_games_analysis` VALUES ('Half-Life 2 RTX', '2025-03-18', 6983, '53.0', '0', '0', 'Orbifold Studios', 'Orbifold Studios', '褒贬不一', 125);
INSERT INTO `recent_games_analysis` VALUES ('STRAFTAT', '2024-10-24', 6954, '96.0', '0', '0', 'Sirius Lemaitre', 'Léonard Lemaitre', '好评如潮', 126);
INSERT INTO `recent_games_analysis` VALUES ('《指环王：重返墨瑞亚™》Return to Moria', '2024-08-28', 6841, '82.0', '92.00', '92.00', 'Free Range Games', 'North Beach Games', '特别好评', 127);
INSERT INTO `recent_games_analysis` VALUES ('Assassin\'s Creed Mirage', '2024-10-18', 6667, '74.0', '248.00', '248.00', 'Ubisoft Bordeaux', 'Ubisoft', '多半好评', 128);
INSERT INTO `recent_games_analysis` VALUES ('Dale & Dawson Stationery Supplies', '2024-08-30', 6634, '92.0', '33.00', '33.00', 'Striped Panda Studios', 'Striped Panda Studios', '特别好评', 129);
INSERT INTO `recent_games_analysis` VALUES ('Drova - Forsaken Kin', '2024-10-15', 6525, '95.0', '92.00', '92.00', 'Just2D', 'Deck13', '好评如潮', 130);
INSERT INTO `recent_games_analysis` VALUES ('失落城堡2', '2024-07-25', 6467, '77.0', '53.0', '47.70', 'Hunter Studio', 'Hunter Studio', '多半好评', 131);
INSERT INTO `recent_games_analysis` VALUES ('咒语旅团', '2024-09-16', 6390, '86.0', '42.00', '42.00', 'Bolt Blaster Games', 'Bolt Blaster Games', '特别好评', 132);
INSERT INTO `recent_games_analysis` VALUES ('MULLET MADJACK', '2024-05-15', 6389, '97.0', '76.00', '76.00', 'HAMMER95', 'Epopeia Games', '好评如潮', 133);
INSERT INTO `recent_games_analysis` VALUES ('Senua’s Saga: Hellblade II', '2024-05-21', 6381, '87.0', '248.0', '124.00', 'Ninja Theory', 'Xbox Game Studios', '特别好评', 134);
INSERT INTO `recent_games_analysis` VALUES ('诺兰德 Norland', '2024-07-18', 6369, '80.0', '99.00', '99.00', 'Long Jaunt', 'Hooded Horse', '特别好评', 135);
INSERT INTO `recent_games_analysis` VALUES ('Zort', '2024-12-08', 6365, '93.0', '25.00', '25.00', 'Londer Software', 'Londer Software', '特别好评', 136);
INSERT INTO `recent_games_analysis` VALUES ('《法外枭雄：滚石城》Crime Boss: Rockay City', '2024-06-18', 6344, '69.0', '76.00', '76.00', 'INGAME STUDIOS', '505 Games', '褒贬不一', 137);
INSERT INTO `recent_games_analysis` VALUES ('KINGDOM HEARTS -HD 1.5+2.5 ReMIX-', '2024-06-13', 6330, '83.0', '298.0', '178.80', 'Square Enix', 'Square Enix', '特别好评', 138);
INSERT INTO `recent_games_analysis` VALUES ('三角洲行动 - 黑鹰坠落', '2025-02-21', 6326, '44.0', '0', '0', 'Team Jade', 'TiMi Studio Group', '褒贬不一', 139);
INSERT INTO `recent_games_analysis` VALUES ('三角洲行动 - 黑鹰坠落', '2025-02-21', 6311, '44.0', '0', '0', 'Team Jade', 'TiMi Studio Group', '褒贬不一', 140);
INSERT INTO `recent_games_analysis` VALUES ('Longvinter', '2025-02-21', 6263, '69.0', '76.00', '76.00', 'Uuvana Studios', 'Uuvana Studios', '褒贬不一', 141);
INSERT INTO `recent_games_analysis` VALUES ('城堡惊魂', '2024-06-06', 6163, '69.0', '0', '0', 'Kinguin Studios', 'Kinguin', '褒贬不一', 142);
INSERT INTO `recent_games_analysis` VALUES ('绝世好武功', '2024-11-06', 6129, '84.0', '68.0', '47.60', 'HuanMos Game', 'bilibili', '特别好评', 143);
INSERT INTO `recent_games_analysis` VALUES ('中国式网游', '2024-07-19', 6073, '83.0', '32.00', '32.00', '648工作室', 'Wise Games', '特别好评', 144);
INSERT INTO `recent_games_analysis` VALUES ('文字化化', '2024-11-01', 6060, '96.0', '52.00', '52.00', '八名木Games', 'Gamirror Games', '好评如潮', 145);
INSERT INTO `recent_games_analysis` VALUES ('Neva', '2024-10-15', 6018, '94.0', '113.9', '74.46', 'Nomada Studio', 'Devolver Digital', '特别好评', 146);
INSERT INTO `recent_games_analysis` VALUES ('永恒天空', '2025-04-15', 5970, '81.0', '108.00', '108.00', 'Far From Home', 'Far From Home', '特别好评', 147);
INSERT INTO `recent_games_analysis` VALUES ('Ocean World: Eden Crafters Prologue', '2024-06-24', 5936, '91.0', '0', '0', 'Osaris Games', 'Osaris Games', '特别好评', 148);
INSERT INTO `recent_games_analysis` VALUES ('ASKA', '2024-06-20', 5893, '79.0', '92.0', '59.80', 'Sand Sailor Studio', 'Thunderful Publishing', '多半好评', 149);
INSERT INTO `recent_games_analysis` VALUES ('ASKA', '2024-06-20', 5893, '79.0', '92.0', '59.80', 'Sand Sailor Studio', 'Thunderful Publishing', '多半好评', 150);
INSERT INTO `recent_games_analysis` VALUES ('UFO 50', '2024-09-18', 5886, '95.0', '92.00', '92.00', 'Mossmouth', 'Mossmouth', '好评如潮', 151);
INSERT INTO `recent_games_analysis` VALUES ('Grapples Galore', '2025-02-07', 5880, '89.0', '0', '0', 'Zoteling', 'Zoteling', '特别好评', 152);
INSERT INTO `recent_games_analysis` VALUES ('Elin', '2024-11-01', 5833, '93.0', '110.00', '110.00', 'Lafrontier', 'Lafrontier', '特别好评', 153);
INSERT INTO `recent_games_analysis` VALUES ('接线疑云 The Operator', '2024-07-22', 5813, '92.0', '42.00', '42.00', 'Bureau 81', 'Bureau 81', '特别好评', 154);
INSERT INTO `recent_games_analysis` VALUES ('真·女神转生Ⅴ Vengeance', '2024-06-14', 5765, '93.0', '268.0', '160.80', 'ATLUS', 'SEGA', '特别好评', 155);
INSERT INTO `recent_games_analysis` VALUES ('The Quinfall', '2025-01-24', 5690, '46.0', '115.00', '115.00', 'Vawraek Technology Inc.', 'Vawraek Technology Inc.', '褒贬不一', 156);
INSERT INTO `recent_games_analysis` VALUES ('Sins of a Solar Empire II', '2024-08-15', 5646, '85.0', '168.00', '168.00', 'Ironclad Games Corporation', 'Stardock Entertainment', '特别好评', 157);
INSERT INTO `recent_games_analysis` VALUES ('沙威玛传奇 - Shawarma Legend', '2024-07-19', 5634, '92.0', '15.00', '15.00', 'Eyad Alshafei', 'Patates Games', '特别好评', 158);
INSERT INTO `recent_games_analysis` VALUES ('Thank Goodness You\'re Here!', '2024-08-01', 5608, '96.0', '79.00', '79.00', 'Coal Supper', 'Panic', '好评如潮', 159);
INSERT INTO `recent_games_analysis` VALUES ('超级键盘侠', '2024-09-14', 5605, '79.0', '33.00', '33.00', 'Cr3 Studio', 'Cr3 Studio', '多半好评', 160);
INSERT INTO `recent_games_analysis` VALUES ('Still Wakes the Deep', '2024-06-18', 5559, '89.0', '128.00', '128.00', 'The Chinese Room', 'Secret Mode', '特别好评', 161);
INSERT INTO `recent_games_analysis` VALUES ('地球防卫军6', '2024-07-25', 5488, '66.0', '398.0', '218.90', 'SANDLOT', 'D3PUBLISHER', '褒贬不一', 162);
INSERT INTO `recent_games_analysis` VALUES ('Fallen Aces', '2024-06-15', 5403, '98.0', '52.00', '52.00', 'Trey Powell', 'Jason Bond', '好评如潮', 163);
INSERT INTO `recent_games_analysis` VALUES ('Echo Point Nova', '2024-09-24', 5333, '97.0', '92.00', '92.00', 'Greylock Studio', 'Greylock Studio', '好评如潮', 164);
INSERT INTO `recent_games_analysis` VALUES ('Slappyball', '2024-11-08', 5318, '83.0', '0', '0', 'Amelore', 'Amelore', '特别好评', 165);
INSERT INTO `recent_games_analysis` VALUES ('蓝途王子', '2025-04-10', 5306, '85.0', '108.00', '108.00', 'Dogubomb', 'Raw Fury', '特别好评', 166);
INSERT INTO `recent_games_analysis` VALUES ('虚空航船', '2024-11-26', 5289, '87.0', '99.00', '99.00', 'Hutlihut Games', 'Focus Entertainment', '特别好评', 167);
INSERT INTO `recent_games_analysis` VALUES ('人格解体', '2024-08-09', 5279, '93.0', '68.00', '68.00', 'MeowNature', 'Gamirror Games', '特别好评', 168);
INSERT INTO `recent_games_analysis` VALUES ('Factorio: Space Age', '2024-10-21', 5226, '93.0', '130.00', '130.00', 'Wube Software LTD.', 'Wube Software LTD.', '特别好评', 169);
INSERT INTO `recent_games_analysis` VALUES ('救命！怎么又塌了!', '2025-04-01', 5058, '91.0', '70.00', '70.00', 'Landfall', 'Landfall', '特别好评', 170);
INSERT INTO `recent_games_analysis` VALUES ('Rooftops & Alleys: The Parkour Game', '2024-05-22', 5039, '96.0', '78.00', '78.00', 'MLMEDIA', 'MLMEDIA', '好评如潮', 171);
INSERT INTO `recent_games_analysis` VALUES ('风暴崛起 Tempest Rising', '2025-04-22', 5028, '89.0', '159.00', '159.00', 'Slipgate Ironworks™', '3D Realms', '特别好评', 172);
INSERT INTO `recent_games_analysis` VALUES ('Project Borealis: Prologue', '2024-11-12', 4981, '72.0', '0', '0', 'Icebreaker Industries', 'Icebreaker Industries', '多半好评', 173);
INSERT INTO `recent_games_analysis` VALUES ('Project Borealis: Prologue', '2024-11-12', 4981, '72.0', '0', '0', 'Icebreaker Industries', 'Icebreaker Industries', '多半好评', 174);
INSERT INTO `recent_games_analysis` VALUES ('Project Borealis: Prologue', '2024-11-12', 4981, '72.0', '0', '0', 'Icebreaker Industries', 'Icebreaker Industries', '多半好评', 175);
INSERT INTO `recent_games_analysis` VALUES ('Railroads Online', '2024-12-05', 4964, '78.0', '128.00', '128.00', 'Stefan Kelnberger', 'astragon Entertainment', '多半好评', 176);
INSERT INTO `recent_games_analysis` VALUES ('不/存在的你，和我', '2024-12-16', 4918, '94.0', '12.00', '12.00', 'Fontainebleau', 'Nino Games', '特别好评', 177);
INSERT INTO `recent_games_analysis` VALUES ('Rivals of Aether II', '2024-10-24', 4898, '80.0', '108.00', '108.00', 'Aether Studios', 'Aether Studios', '特别好评', 178);
INSERT INTO `recent_games_analysis` VALUES ('黑神话：悟空 性能测试工具', '2024-08-13', 4851, '92.0', '0', '0', 'Game Science', 'Game Science', '特别好评', 179);
INSERT INTO `recent_games_analysis` VALUES ('Fast Food Simulator', '2024-12-11', 4802, '94.0', '58.00', '58.00', 'No Ceiling Games', 'No Ceiling Games', '特别好评', 180);
INSERT INTO `recent_games_analysis` VALUES ('Streamer Life Simulator 2', '2025-01-24', 4608, '83.0', '42.00', '42.00', 'Cheesecake Dev', 'Cheesecake Dev', '特别好评', 181);
INSERT INTO `recent_games_analysis` VALUES ('Drug Dealer Simulator 2', '2024-06-20', 4590, '71.0', '151.2', '89.64', 'Byterunners', 'Movie Games S.A.', '多半好评', 182);
INSERT INTO `recent_games_analysis` VALUES ('Drug Dealer Simulator 2', '2024-06-20', 4589, '71.0', '151.2', '89.64', 'Byterunners', 'Movie Games S.A.', '多半好评', 183);
INSERT INTO `recent_games_analysis` VALUES ('无限暖暖', '2025-04-29', 4583, '54.0', '0', '0', 'Infold Games', 'Infold Games', '褒贬不一', 184);
INSERT INTO `recent_games_analysis` VALUES ('超市模拟器', '2024-11-21', 4550, '92.0', '58.00', '58.00', 'EXPERIMENT ONE', 'EXPERIMENT ONE', '特别好评', 185);
INSERT INTO `recent_games_analysis` VALUES ('将军 对决', '2024-09-05', 4534, '95.0', '58.00', '58.00', 'Roboatino', 'Goblinz Publishing', '好评如潮', 186);
INSERT INTO `recent_games_analysis` VALUES ('The Binding of Isaac: Repentance+', '2024-11-19', 4517, '47.0', '0', '0', 'Nicalis, Inc.', 'Edmund McMillen', '褒贬不一', 187);
INSERT INTO `recent_games_analysis` VALUES ('The Binding of Isaac: Repentance+', '2024-11-19', 4501, '47.0', '0', '0', 'Nicalis, Inc.', 'Edmund McMillen', '褒贬不一', 188);
INSERT INTO `recent_games_analysis` VALUES ('你的老婆', '2024-11-28', 4434, '95.0', '6.0', '4.80', 'HAHAHA', 'HAHAHA', '好评如潮', 189);
INSERT INTO `recent_games_analysis` VALUES ('The Headliners', '2025-01-30', 4348, '85.0', '33.00', '33.00', 'KAFI', 'KAFI', '特别好评', 190);
INSERT INTO `recent_games_analysis` VALUES ('Duck Detective: The Secret Salami', '2024-05-23', 4327, '95.0', '42.00', '42.00', 'Happy Broccoli Games', 'Happy Broccoli Games', '好评如潮', 191);
INSERT INTO `recent_games_analysis` VALUES ('致命解药', '2024-10-06', 4218, '89.0', '89.0', '71.20', 'MetalStar Studio', 'MetalStar Studio', '特别好评', 192);
INSERT INTO `recent_games_analysis` VALUES ('SimRail - The Railway Simulator', '2024-12-14', 4210, '84.0', '128.00', '128.00', 'SimRail S.A.', 'PlayWay S.A.', '特别好评', 193);
INSERT INTO `recent_games_analysis` VALUES ('双点博物馆', '2025-03-05', 4203, '94.0', '158.00', '158.00', 'Two Point Studios', 'SEGA', '特别好评', 194);
INSERT INTO `recent_games_analysis` VALUES ('人中之龙８外传 Pirates in Hawaii', '2025-02-20', 4199, '91.0', '268.0', '214.40', 'Ryu Ga Gotoku Studio', 'SEGA', '特别好评', 195);
INSERT INTO `recent_games_analysis` VALUES ('MechWarrior 5: Clans', '2024-10-17', 4195, '74.0', '168.00', '168.00', 'Piranha Games Inc.', 'Piranha Games Inc.', '多半好评', 196);
INSERT INTO `recent_games_analysis` VALUES ('TRIBE NINE：战极死游', '2025-02-19', 4172, '76.0', '0', '0', 'Akatsuki Games Inc.', 'Akatsuki Games Inc.', '多半好评', 197);
INSERT INTO `recent_games_analysis` VALUES ('Star Wars Outlaws', '2024-11-22', 4170, '73.0', '298.0', '149.00', 'Massive Entertainment – A Ubisoft Studio', 'Ubisoft', '多半好评', 198);
INSERT INTO `recent_games_analysis` VALUES ('DON\'T SCREAM', '2024-10-29', 4152, '64.0', '58.00', '58.00', 'Digital Cybercherries', 'Digital Cybercherries', '褒贬不一', 199);
INSERT INTO `recent_games_analysis` VALUES ('DON\'T SCREAM', '2024-10-29', 4152, '64.0', '58.00', '58.00', 'Digital Cybercherries', 'Digital Cybercherries', '褒贬不一', 200);
INSERT INTO `recent_games_analysis` VALUES ('Cats', '2024-05-21', 4139, '77.0', '0', '0', '100 Cozy Games', 'Cats', '多半好评', 201);
INSERT INTO `recent_games_analysis` VALUES ('Pantheon: Rise of the Fallen', '2024-12-13', 4120, '76.0', '136.00', '136.00', 'Visionary Realms', 'Visionary Realms', '多半好评', 202);
INSERT INTO `recent_games_analysis` VALUES ('Pax Dei', '2024-06-18', 4026, '64.0', '149.25', '149.25', 'Mainframe Industries', 'Mainframe Industries', '褒贬不一', 203);
INSERT INTO `recent_games_analysis` VALUES ('Pax Dei', '2024-06-18', 4026, '64.0', '149.25', '149.25', 'Mainframe Industries', 'Mainframe Industries', '褒贬不一', 204);
INSERT INTO `recent_games_analysis` VALUES ('Screw Drivers', '2024-06-20', 4002, '87.0', '0', '0', 'Creactstudios', 'Headup', '特别好评', 205);
INSERT INTO `recent_games_analysis` VALUES ('英雄立志传：三国志', '2025-03-26', 3986, '89.0', '68.00', '68.00', 'Free Wing', 'Free Wing', '特别好评', 206);
INSERT INTO `recent_games_analysis` VALUES ('Dark Hours: Prologue', '2024-07-18', 3946, '87.0', '0', '0', 'Piece of Cake studios', 'Piece of Cake studios', '特别好评', 207);
INSERT INTO `recent_games_analysis` VALUES ('骰子浪游者', '2024-10-10', 3913, '97.0', '48.00', '48.00', '超厚皮猪猪 Ultra Piggy Studio', 'Gamirror Games', '好评如潮', 208);
INSERT INTO `recent_games_analysis` VALUES ('Heroes of Hammerwatch II', '2025-01-15', 3909, '85.0', '68.00', '68.00', 'Crackshell', 'Crackshell', '特别好评', 209);
INSERT INTO `recent_games_analysis` VALUES ('火湖', '2024-10-29', 3884, '86.0', '86.00', '86.00', 'Perfect Random', 'Perfect Random', '特别好评', 210);
INSERT INTO `recent_games_analysis` VALUES ('The Casting of Frank Stone™', '2024-09-04', 3843, '63.0', '136.00', '136.00', 'Supermassive Games', 'Behaviour Interactive Inc.', '褒贬不一', 211);
INSERT INTO `recent_games_analysis` VALUES ('全网公敌2 新世界', '2025-01-21', 3836, '92.0', '89.25', '65.66', 'Aluba Studio', 'Spiral Up Games', '特别好评', 212);
INSERT INTO `recent_games_analysis` VALUES ('Selaco', '2024-05-31', 3826, '93.0', '92.00', '92.00', 'Altered Orbit Studios', 'Altered Orbit Studios', '特别好评', 213);
INSERT INTO `recent_games_analysis` VALUES ('终点站：僵尸幸存者', '2024-08-19', 3770, '94.0', '76.00', '76.00', 'Longplay Studios', 'Longplay Studios', '特别好评', 214);
INSERT INTO `recent_games_analysis` VALUES ('Avatar: Frontiers of Pandora™', '2024-06-18', 3647, '68.0', '348.00', '348.00', 'Massive Entertainment – A Ubisoft Studio', '', '褒贬不一', 215);
INSERT INTO `recent_games_analysis` VALUES ('阿西, 美女室友竟然...？', '2024-10-03', 3635, '90.0', '76.0', '57.00', 'Storytaco', 'Storytaco', '特别好评', 216);
INSERT INTO `recent_games_analysis` VALUES ('BLEACH 魂魄觉醒', '2025-03-21', 3634, '65.0', '298.00', '298.00', 'TAMSOFT CORPORATION', 'Bandai Namco Entertainment Inc.', '褒贬不一', 217);
INSERT INTO `recent_games_analysis` VALUES ('EA SPORTS™ Madden NFL 25', '2024-08-16', 3625, '54.0', '348.0', '69.60', 'Tiburon', 'Electronic Arts', '褒贬不一', 218);
INSERT INTO `recent_games_analysis` VALUES ('Battle Realms: Zen Edition', '2025-01-28', 3585, '87.0', '58.00', '58.00', 'Ed Del Castillo', 'Ed Del Castillo', '特别好评', 219);
INSERT INTO `recent_games_analysis` VALUES ('波斯王子：失落的王冠', '2024-08-09', 3552, '85.0', '198.00', '198.00', 'Ubisoft Montpellier', 'Ubisoft', '特别好评', 220);
INSERT INTO `recent_games_analysis` VALUES ('浪人崛起', '2025-03-11', 3528, '59.0', '248.00', '248.00', 'KOEI TECMO GAMES CO., LTD.', 'KOEI TECMO GAMES CO., LTD.', '褒贬不一', 221);
INSERT INTO `recent_games_analysis` VALUES ('刀剑江湖路', '2025-04-29', 3492, '76.0', '58.0', '52.20', '游鲤化龙工作室', 'Captcha Games', '多半好评', 222);
INSERT INTO `recent_games_analysis` VALUES ('勇闯死人谷：暗黑之日', '2025-04-10', 3453, '85.0', '86.00', '86.00', 'PikPok', 'Boltray Games', '特别好评', 223);
INSERT INTO `recent_games_analysis` VALUES ('巨人杀手：暗黑之潮', '2025-01-21', 3436, '82.0', '48.00', '48.00', 'Games Farm', 'ARTillery', '特别好评', 224);
INSERT INTO `recent_games_analysis` VALUES ('我是未来：悠闲末日生活', '2024-11-14', 3427, '86.0', '76.00', '76.00', 'Mandragora', 'tinyBuild', '特别好评', 225);
INSERT INTO `recent_games_analysis` VALUES ('暗黑潜水员', '2024-12-13', 3387, '88.0', '36.99', '25.89', 'Embers', 'Oro Interactive', '特别好评', 226);
INSERT INTO `recent_games_analysis` VALUES ('Starfield - Shattered Space', '2024-09-30', 3375, '30.0', '116.00', '116.00', 'Bethesda Game Studios', 'Bethesda Softworks', '多半差评', 227);
INSERT INTO `recent_games_analysis` VALUES ('合同村', '2024-06-01', 3355, '82.0', '108.00', '108.00', 'MYM Games Studios', 'FiftyEight Studios', '特别好评', 228);
INSERT INTO `recent_games_analysis` VALUES ('Megaloot', '2024-08-30', 3338, '73.0', '36.00', '36.00', 'axilirate', 'Ravenage Games', '多半好评', 229);
INSERT INTO `recent_games_analysis` VALUES ('Megaloot', '2024-08-30', 3338, '73.0', '36.00', '36.00', 'axilirate', 'Ravenage Games', '多半好评', 230);
INSERT INTO `recent_games_analysis` VALUES ('F1® Manager 2024', '2024-07-23', 3332, '78.0', '136.00', '136.00', 'Frontier Developments', 'Frontier Developments', '多半好评', 231);
INSERT INTO `recent_games_analysis` VALUES ('Nunholy', '2025-01-17', 3320, '89.0', '33.00', '33.00', 'Chowbie', 'Chowbie', '特别好评', 232);
INSERT INTO `recent_games_analysis` VALUES ('东方：平野孤鸿', '2024-10-24', 3319, '86.0', '9.90', '9.90', '珠海金山数字网络科技有限公司', '海南西山居互动娱乐科技有限公司', '特别好评', 233);
INSERT INTO `recent_games_analysis` VALUES ('Sea Power : Naval Combat in the Missile Age', '2024-11-12', 3313, '89.0', '168.0', '142.80', 'Triassic Games AB', 'MicroProse Software', '特别好评', 234);
INSERT INTO `recent_games_analysis` VALUES ('都市传说解体中心', '2025-02-12', 3311, '88.0', '58.0', '52.20', 'Hakababunko', 'SHUEISHA GAMES', '特别好评', 235);
INSERT INTO `recent_games_analysis` VALUES ('极地煎蛋', '2024-05-16', 3304, '97.0', '42.00', '42.00', 'The Water Museum', 'cockydoody', '好评如潮', 236);
INSERT INTO `recent_games_analysis` VALUES ('求生岛：不老泉传说', '2024-05-21', 3276, '86.0', '98.00', '98.00', 'Odinsoft Inc.', 'Twin Sails Interactive', '特别好评', 237);
INSERT INTO `recent_games_analysis` VALUES ('角斗士公会经理', '2024-06-23', 3275, '81.0', '52.00', '52.00', 'Entertainment Forge', 'GrabTheGames', '特别好评', 238);
INSERT INTO `recent_games_analysis` VALUES ('Sledders', '2025-03-20', 3269, '95.0', '108.00', '108.00', 'Hanki Games', 'Bonus Stage Publishing', '好评如潮', 239);
INSERT INTO `recent_games_analysis` VALUES ('超灵秘法社', '2025-02-13', 3266, '87.0', '58.00', '58.00', 'Sparkypants', 'Klei Publishing', '特别好评', 240);
INSERT INTO `recent_games_analysis` VALUES ('你的老母', '2025-03-01', 3238, '90.0', '6.0', '4.80', 'M for Mother', 'M for Mother', '特别好评', 241);
INSERT INTO `recent_games_analysis` VALUES ('动物栏：桌面牧场', '2025-02-18', 3222, '93.0', '22.00', '22.00', 'CaveLiquid', 'Gamersky Games', '特别好评', 242);
INSERT INTO `recent_games_analysis` VALUES ('STEEL HUNTERS', '2025-04-02', 3200, '58.0', '0', '0', 'Wargaming Group Limited', 'Wargaming Group Limited', '褒贬不一', 243);
INSERT INTO `recent_games_analysis` VALUES ('酒馆经理模拟器', '2024-08-14', 3187, '91.0', '52.00', '52.00', 'One More Time', 'One More Time', '特别好评', 244);
INSERT INTO `recent_games_analysis` VALUES ('Killer Klowns from Outer Space: The Game', '2024-06-05', 3160, '75.0', '136.00', '136.00', 'IllFonic', 'Teravision Games', '多半好评', 245);
INSERT INTO `recent_games_analysis` VALUES ('中国式相亲', '2025-01-21', 3160, '81.0', '46.00', '46.00', '波浪游戏 (Wave Game)', 'Lightning Games', '特别好评', 246);
INSERT INTO `recent_games_analysis` VALUES ('灾厄堡垒 Cataclismo', '2025-03-21', 3144, '90.0', '99.0', '64.35', 'Digital Sun', 'Hooded Horse', '特别好评', 247);
INSERT INTO `recent_games_analysis` VALUES ('Ratopia', '2025-05-01', 3135, '87.0', '76.0', '60.80', 'Cassel Games', 'Cassel Games', '特别好评', 248);
INSERT INTO `recent_games_analysis` VALUES ('Survivalist: Invisible Strain', '2025-04-25', 3107, '88.0', '48.0', '36.00', 'Bob', 'Ginormocorp Holdings Ltd', '特别好评', 249);
INSERT INTO `recent_games_analysis` VALUES ('Starcom: Unknown Space', '2024-09-03', 3089, '92.0', '92.00', '92.00', 'Wx3 Labs, LLC', 'Wx3 Labs, LLC', '特别好评', 250);
INSERT INTO `recent_games_analysis` VALUES ('《地平线 零之曙光™》重制版', '2024-10-31', 3074, '80.0', '345.00', '345.00', 'Guerrilla Games', 'Nixxes Software', '特别好评', 251);
INSERT INTO `recent_games_analysis` VALUES ('Drive Beyond Horizons', '2025-03-25', 3069, '79.0', '92.00', '92.00', 'Drive Beyond Horizons', 'Tacty Studio', '多半好评', 252);
INSERT INTO `recent_games_analysis` VALUES ('Nobody Wants to Die', '2024-07-17', 3063, '86.0', '92.80', '92.80', 'Critical Hit Games', 'PLAION', '特别好评', 253);
INSERT INTO `recent_games_analysis` VALUES ('Psychopomp GOLD', '2024-10-25', 3060, '97.0', '36.00', '36.00', 'Fading Club', 'Fading Club', '好评如潮', 254);
INSERT INTO `recent_games_analysis` VALUES ('GUNDAM 创坏者4', '2024-08-29', 3050, '74.0', '298.00', '298.00', 'CRAFTS ＆ MEISTER Co., Ltd', 'Bandai Namco Entertainment Inc.', '多半好评', 255);
INSERT INTO `recent_games_analysis` VALUES ('沉没意志', '2024-07-31', 2993, '96.0', '76.0', '60.80', 'BearBoneStudio', 'BearBoneStudio', '好评如潮', 256);
INSERT INTO `recent_games_analysis` VALUES ('勇者斗恶龙III HD-2D Remake', '2024-11-15', 2919, '71.0', '348.00', '348.00', 'Square Enix', 'ARTDINK', '多半好评', 257);
INSERT INTO `recent_games_analysis` VALUES ('勇者斗恶龙III HD-2D Remake', '2024-11-15', 2919, '71.0', '348.00', '348.00', 'Square Enix', 'ARTDINK', '多半好评', 258);
INSERT INTO `recent_games_analysis` VALUES ('光明破坏者', '2025-01-15', 2883, '63.0', '108.0', '86.40', 'Heart Machine', 'Arc Games', '褒贬不一', 259);
INSERT INTO `recent_games_analysis` VALUES ('兽人必须死! 死亡陷阱', '2025-01-28', 2863, '70.0', '88.0', '70.40', 'Robot Entertainment', 'Robot Entertainment', '多半好评', 260);
INSERT INTO `recent_games_analysis` VALUES ('骰子闯魔城', '2024-06-24', 2856, '85.0', '58.0', '29.00', 'Tinymice Entertainment', 'Rogue Duck Interactive', '特别好评', 261);
INSERT INTO `recent_games_analysis` VALUES ('Rift of the NecroDancer', '2025-02-06', 2842, '95.0', '62.00', '62.00', 'Brace Yourself Games', 'Tic Toc Games', '好评如潮', 262);
INSERT INTO `recent_games_analysis` VALUES ('PICO PARK 2', '2024-09-12', 2822, '89.0', '40.00', '40.00', 'TECOPARK', 'Gemdrops, Inc.', '特别好评', 263);
INSERT INTO `recent_games_analysis` VALUES ('YARISUTEMESUBUTA ~ 一次性交易大师 ~', '2024-08-30', 2798, '88.0', '92.00', '92.00', 'にゅう工房', '072 Project', '特别好评', 264);
INSERT INTO `recent_games_analysis` VALUES ('War Robots: Frontiers', '2025-03-05', 2784, '63.0', '0', '0', 'MY.GAMES', 'MY.GAMES', '褒贬不一', 265);
INSERT INTO `recent_games_analysis` VALUES ('Fate/stay night REMASTERED', '2024-08-07', 2771, '96.0', '108.00', '108.00', 'TYPE-MOON', 'fuzz Inc.', '好评如潮', 266);
INSERT INTO `recent_games_analysis` VALUES ('Class of \'09: The Flip Side', '2024-09-23', 2767, '53.0', '58.00', '58.00', 'SBN3', 'Wrath Club', '褒贬不一', 267);
INSERT INTO `recent_games_analysis` VALUES ('菜市场模拟器', '2024-10-04', 2763, '88.0', '42.0', '25.20', 'Alcedo Games', 'Alcedo Games', '特别好评', 268);
INSERT INTO `recent_games_analysis` VALUES ('Into the Radius 2', '2024-07-24', 2729, '78.0', '136.00', '136.00', 'CM Games', 'CM Games', '多半好评', 269);
INSERT INTO `recent_games_analysis` VALUES ('Just a To the Moon Series Beach Episode 《去月球系列海滩特别篇》', '2024-09-21', 2727, '98.0', '33.00', '33.00', 'Freebird Games', 'Freebird Games', '好评如潮', 270);
INSERT INTO `recent_games_analysis` VALUES ('GeoGuessr Steam Edition', '2025-05-08', 2702, '15.0', '0', '0', 'GeoGuessr', 'GeoGuessr', '差评如潮', 271);
INSERT INTO `recent_games_analysis` VALUES ('Warhammer 40,000: Warpforge', '2024-10-04', 2688, '52.0', '0', '0', 'Everguild Ltd.', 'Everguild Ltd.', '褒贬不一', 272);
INSERT INTO `recent_games_analysis` VALUES ('The Rise of the Golden Idol', '2024-11-13', 2676, '94.0', '76.0', '64.60', 'Color Gray Games', 'Playstack', '特别好评', 273);
INSERT INTO `recent_games_analysis` VALUES ('枪匠模拟器', '2024-10-04', 2667, '84.0', '66.00', '66.00', 'GameHunters', 'PlayWay S.A.', '特别好评', 274);
INSERT INTO `recent_games_analysis` VALUES ('SKALD: Against the Black Priory', '2024-05-31', 2665, '94.0', '52.20', '52.20', 'High North Studios AS', 'Raw Fury', '特别好评', 275);
INSERT INTO `recent_games_analysis` VALUES ('星核工厂Techtonica', '2024-11-08', 2624, '67.0', '99.00', '99.00', 'Fire Hose Games', 'Fire Hose Games', '褒贬不一', 276);
INSERT INTO `recent_games_analysis` VALUES ('Garten of Banban 0', '2025-02-21', 2617, '72.0', '0', '0', 'Euphoric Brothers', 'Euphoric Brothers', '多半好评', 277);
INSERT INTO `recent_games_analysis` VALUES ('灾厄黑龙与谎言公主', '2025-01-23', 2616, '90.0', '27.00', '27.00', '莓夜工作室', '莓夜工作室', '特别好评', 278);
INSERT INTO `recent_games_analysis` VALUES ('满庭芳：宋上繁华', '2024-05-30', 2610, '81.0', '68.0', '47.60', 'White Star Studio', 'IndieArk', '特别好评', 279);
INSERT INTO `recent_games_analysis` VALUES ('PILGRIM', '2024-06-01', 2608, '77.0', '33.00', '33.00', 'DESPERATE MEASURES', 'DESPERATE MEASURES', '多半好评', 280);
INSERT INTO `recent_games_analysis` VALUES ('三相奇谈', '2025-01-14', 2589, '98.0', '54.00', '54.00', 'Everscape Games', 'indienova', '好评如潮', 281);
INSERT INTO `recent_games_analysis` VALUES ('三相奇谈', '2025-01-14', 2589, '98.0', '54.00', '54.00', 'Everscape Games', 'indienova', '好评如潮', 282);
INSERT INTO `recent_games_analysis` VALUES ('架空地图模拟器', '2024-09-04', 2586, '89.0', '27.00', '27.00', 'The Stranger', 'The Stranger', '特别好评', 283);
INSERT INTO `recent_games_analysis` VALUES ('愤怒的大脚', '2024-07-12', 2565, '93.0', '76.00', '76.00', 'Free Lives', 'Devolver Digital', '特别好评', 284);
INSERT INTO `recent_games_analysis` VALUES ('墨境', '2024-09-27', 2547, '92.0', '55.00', '55.00', 'Leap Studio', '4Divinity', '特别好评', 285);
INSERT INTO `recent_games_analysis` VALUES ('三国志8 REMAKE', '2024-10-24', 2536, '48.0', '349.0', '261.75', 'KOEI TECMO GAMES CO., LTD.', 'KOEI TECMO GAMES CO., LTD.', '褒贬不一', 286);
INSERT INTO `recent_games_analysis` VALUES ('Kota`s New Journey', '2024-11-23', 2527, '92.0', '0', '0', 'KotaMota Games', 'KotaMota Games', '特别好评', 287);
INSERT INTO `recent_games_analysis` VALUES ('Kota`s New Journey', '2024-11-23', 2527, '92.0', '0', '0', 'KotaMota Games', 'KotaMota Games', '特别好评', 288);
INSERT INTO `recent_games_analysis` VALUES ('余烬守卫 Emberward', '2024-06-25', 2516, '97.0', '58.00', '58.00', 'Refic Games', 'Refic Games', '好评如潮', 289);
INSERT INTO `recent_games_analysis` VALUES ('Fears to Fathom - Woodbury Getaway', '2024-09-12', 2512, '86.0', '42.00', '42.00', 'Rayll Studios', 'Rayll Studios', '特别好评', 290);
INSERT INTO `recent_games_analysis` VALUES ('狙击精英：抵抗', '2025-01-30', 2487, '71.0', '168.00', '168.00', 'Rebellion', 'Rebellion', '多半好评', 291);
INSERT INTO `recent_games_analysis` VALUES ('Wreckfest 2', '2025-03-21', 2476, '74.0', '108.00', '108.00', 'Bugbear', 'THQ Nordic', '多半好评', 292);
INSERT INTO `recent_games_analysis` VALUES ('艾尔登法环 黄金树幽影 数字典藏包', '2024-06-21', 2476, '73.0', '248.00', '248.00', 'FromSoftware Inc.', 'FromSoftware Inc.', '多半好评', 293);
INSERT INTO `recent_games_analysis` VALUES ('Dead Rising Deluxe Remaster', '2024-09-19', 2462, '82.0', '248.0', '198.40', 'CAPCOM Co., Ltd.', 'CAPCOM Co., Ltd.', '特别好评', 294);
INSERT INTO `recent_games_analysis` VALUES ('Keep Driving', '2025-02-06', 2452, '94.0', '68.0', '61.20', 'YCJY Games', 'YCJY Games', '特别好评', 295);
INSERT INTO `recent_games_analysis` VALUES ('静脉注射2', '2024-08-16', 2451, '95.0', '80.00', '80.00', 'Explosive Squat Games', 'HypeTrain Digital', '好评如潮', 296);
INSERT INTO `recent_games_analysis` VALUES ('DayZ Frostline', '2024-10-15', 2430, '53.0', '129.00', '129.00', 'Bohemia Interactive', 'Bohemia Interactive', '褒贬不一', 297);
INSERT INTO `recent_games_analysis` VALUES ('Get To Work', '2024-12-03', 2407, '89.0', '52.00', '52.00', 'Isto Inc.', 'Isto Inc.', '特别好评', 298);
INSERT INTO `recent_games_analysis` VALUES ('Squirrel with a Gun', '2024-08-30', 2403, '87.0', '76.00', '76.00', 'Dee Dee Creations LLC', 'Maximum Entertainment', '特别好评', 299);
INSERT INTO `recent_games_analysis` VALUES ('Dystopika: 未来城市沙盒', '2024-06-21', 2402, '96.0', '29.00', '29.00', 'Voids Within', 'Voids Within', '好评如潮', 300);
INSERT INTO `recent_games_analysis` VALUES ('Aviassembly', '2025-04-11', 2383, '97.0', '42.00', '42.00', 'Jelle Booij', 'Jelle Booij', '好评如潮', 301);
INSERT INTO `recent_games_analysis` VALUES ('Papa\'s Pizzeria Deluxe', '2024-11-19', 2372, '98.0', '26.00', '26.00', 'Flipline Studios', 'Flipline Studios', '好评如潮', 302);
INSERT INTO `recent_games_analysis` VALUES ('OneShot: World Machine Edition', '2024-10-01', 2366, '98.0', '42.0', '33.60', 'Future Cat LLC', 'KOMODO', '好评如潮', 303);
INSERT INTO `recent_games_analysis` VALUES ('Enigma of Fear', '2024-11-29', 2366, '95.0', '92.00', '92.00', 'Dumativa', 'Cellbit', '好评如潮', 304);
INSERT INTO `recent_games_analysis` VALUES ('The Cabin Factory', '2024-12-13', 2347, '91.0', '15.00', '15.00', 'International Cat Studios', 'Future Friends Games', '特别好评', 305);
INSERT INTO `recent_games_analysis` VALUES ('将熄之焰 The Last Flame', '2025-01-10', 2343, '85.0', '55.00', '55.00', 'Hotloop', 'Hotloop', '特别好评', 306);
INSERT INTO `recent_games_analysis` VALUES ('Mini Royale', '2025-03-28', 2321, '64.0', '0', '0', 'IndigoBlue', 'IndigoBlue', '褒贬不一', 307);
INSERT INTO `recent_games_analysis` VALUES ('恋爱单选题', '2024-07-19', 2313, '82.0', '47.00', '47.00', '无忧传媒', '无忧传媒', '特别好评', 308);
INSERT INTO `recent_games_analysis` VALUES ('哈利·波特：魁地奇锦标赛', '2024-09-03', 2300, '77.0', '210.00', '210.00', 'Unbroken Studios', 'Warner Bros. Games', '多半好评', 309);
INSERT INTO `recent_games_analysis` VALUES ('Storage Hunter Simulator', '2024-10-10', 2296, '82.0', '92.00', '92.00', 'Raccoons Studio', 'BeardedBrothers.Games', '特别好评', 310);
INSERT INTO `recent_games_analysis` VALUES ('猫咪斗恶龙3 Cat Quest III', '2024-08-08', 2287, '94.0', '78.00', '78.00', 'The Gentlebros', 'Kepler Interactive', '特别好评', 311);
INSERT INTO `recent_games_analysis` VALUES ('Riven', '2024-06-25', 2286, '92.0', '128.00', '128.00', 'Cyan Worlds Inc', 'Cyan Worlds Inc', '特别好评', 312);
INSERT INTO `recent_games_analysis` VALUES ('江湖客栈-The Jianghu', '2024-09-01', 2283, '56.0', '0', '0', '『風林火山』工作室', 'Path', '褒贬不一', 313);
INSERT INTO `recent_games_analysis` VALUES ('Gym Simulator 24', '2024-07-20', 2281, '85.0', '35.00', '35.00', 'Quatech', 'Red Axe Games', '特别好评', 314);
INSERT INTO `recent_games_analysis` VALUES ('失业了，我获得了亿万游戏财产！', '2024-08-08', 2277, '87.0', '52.00', '52.00', 'Bolingogames', 'Bolingogames', '特别好评', 315);
INSERT INTO `recent_games_analysis` VALUES ('火炬之光：无限', '2024-07-05', 2270, '64.0', '0', '0', 'XD', 'XD', '褒贬不一', 316);
INSERT INTO `recent_games_analysis` VALUES ('The Roottrees are Dead', '2025-01-15', 2248, '97.0', '76.00', '76.00', 'Robin Ward', 'Evil Trout', '好评如潮', 317);
INSERT INTO `recent_games_analysis` VALUES ('DUCKSIDE', '2024-09-25', 2239, '74.0', '58.00', '58.00', 'tinyBuild Riga', 'tinyBuild', '多半好评', 318);
INSERT INTO `recent_games_analysis` VALUES ('武林求生', '2024-10-31', 2235, '85.0', '22.00', '22.00', 'Alawar', 'Alawar', '特别好评', 319);
INSERT INTO `recent_games_analysis` VALUES ('Ready or Not: Home Invasion', '2024-07-24', 2221, '60.0', '42.00', '42.00', 'VOID Interactive', 'VOID Interactive', '褒贬不一', 320);
INSERT INTO `recent_games_analysis` VALUES ('Hollywood Animal', '2025-04-10', 2220, '73.0', '79.00', '79.00', 'Weappy Wholesome', 'Weappy Studio', '多半好评', 321);
INSERT INTO `recent_games_analysis` VALUES ('摇鼠灵™', '2024-11-01', 2201, '95.0', '15.00', '15.00', 'Sunscorched Studios', 'Sunscorched Studios', '好评如潮', 322);
INSERT INTO `recent_games_analysis` VALUES ('Age of Water', '2025-01-16', 2194, '73.0', '219.00', '219.00', 'Three Whales Studio', 'Gaijin Network Ltd', '多半好评', 323);
INSERT INTO `recent_games_analysis` VALUES ('黑暗世界：因与果', '2025-03-27', 2186, '92.0', '69.49', '69.49', 'POLLARD STUDIO LLC', 'Wired Productions', '特别好评', 324);
INSERT INTO `recent_games_analysis` VALUES ('修仙立志传', '2025-02-04', 2168, '79.0', '28.0', '22.40', '游戏养家工作室', '游戏养家工作室', '多半好评', 325);
INSERT INTO `recent_games_analysis` VALUES ('再来一张', '2024-08-09', 2166, '80.0', '58.00', '58.00', 'Purple Moss Collectors', 'Yogscast Games', '特别好评', 326);
INSERT INTO `recent_games_analysis` VALUES ('虫潮', '2024-09-12', 2165, '84.0', '28.00', '28.00', 'Parallel Portal', 'Parallel Portal', '特别好评', 327);
INSERT INTO `recent_games_analysis` VALUES ('逆转检察官1&2 御剑精选集', '2024-09-06', 2163, '96.0', '198.0', '148.50', 'CAPCOM Co., Ltd.', 'CAPCOM Co., Ltd.', '好评如潮', 328);
INSERT INTO `recent_games_analysis` VALUES ('Finnish Cottage Simulator', '2024-11-15', 2159, '94.0', '58.00', '58.00', 'RANELA GAMES', 'RANELA GAMES', '特别好评', 329);
INSERT INTO `recent_games_analysis` VALUES ('彷徨之街 The Street of Adrift', '2024-05-20', 2136, '76.0', '48.0', '31.20', 'Caramel-Mocha Studio', 'LoveStoryProject', '多半好评', 330);
INSERT INTO `recent_games_analysis` VALUES ('Metro Awakening', '2024-11-08', 2124, '73.0', '188.00', '188.00', 'Vertigo Games', 'Vertigo Games', '多半好评', 331);
INSERT INTO `recent_games_analysis` VALUES ('妖之乡', '2024-07-16', 2105, '91.0', '58.00', '58.00', 'RAYKA STUDIO', 'RAYKA STUDIO', '特别好评', 332);
INSERT INTO `recent_games_analysis` VALUES ('Lorelei and the Laser Eyes', '2024-05-16', 2100, '94.0', '95.00', '95.00', 'Simogo', 'Annapurna Interactive', '特别好评', 333);
INSERT INTO `recent_games_analysis` VALUES ('FatalZone', '2024-09-17', 2096, '68.0', '29.00', '29.00', 'Midhard Games', '101XP', '褒贬不一', 334);
INSERT INTO `recent_games_analysis` VALUES ('原子陨落', '2025-03-27', 2087, '77.0', '168.00', '168.00', 'Rebellion', 'Rebellion', '多半好评', 335);
INSERT INTO `recent_games_analysis` VALUES ('莎拉大冒险：时间旅行', '2024-06-26', 2064, '90.0', '0', '0', 'NUTS POWER ONLINE ENTERTAINMENT LIMITED', 'NUTS POWER ONLINE ENTERTAINMENT LIMITED', '特别好评', 336);
INSERT INTO `recent_games_analysis` VALUES ('闰跃之年 Leap Year', '2024-06-14', 2051, '97.0', '22.00', '22.00', 'Daniel Linssen', 'Daniel Linssen', '好评如潮', 337);
INSERT INTO `recent_games_analysis` VALUES ('REKA', '2024-09-12', 2047, '85.0', '76.00', '76.00', 'Emberstorm Entertainment', 'Fireshine Games', '特别好评', 338);
INSERT INTO `recent_games_analysis` VALUES ('近畿霊務局 - Kinki Spiritual Affairs Bureau', '2024-10-04', 2037, '91.0', '42.00', '42.00', 'Noto Muteki', 'Noto Muteki', '特别好评', 339);
INSERT INTO `recent_games_analysis` VALUES ('CATO 黄油猫', '2024-09-06', 2033, '98.0', '42.00', '42.00', 'Team Woll', 'GCORES PUBLISHING', '好评如潮', 340);
INSERT INTO `recent_games_analysis` VALUES ('Spilled!', '2025-03-27', 1977, '95.0', '26.00', '26.00', 'Lente', 'Lente', '好评如潮', 341);
INSERT INTO `recent_games_analysis` VALUES ('Banana & Cucumber', '2024-06-13', 1969, '68.0', '0', '0', 'cem99', 'slh99', '褒贬不一', 342);
INSERT INTO `recent_games_analysis` VALUES ('土豆兄弟：深海魔怪 (Brotato: Abyssal Terrors)', '2024-10-25', 1964, '64.0', '18.00', '18.00', 'Blobfish', 'Blobfish', '褒贬不一', 343);
INSERT INTO `recent_games_analysis` VALUES ('Dauntless', '2024-12-06', 1959, '20.0', '0', '0', 'Phoenix Labs', 'Phoenix Labs', '多半差评', 344);
INSERT INTO `recent_games_analysis` VALUES ('选技大乱斗', '2024-11-05', 1946, '77.0', '0', '0', 'ZGGame', 'ZGGame', '多半好评', 345);
INSERT INTO `recent_games_analysis` VALUES ('Crusader Kings III: Roads to Power', '2024-09-25', 1924, '84.0', '128.0', '102.40', 'Paradox Development Studio', 'Paradox Interactive', '特别好评', 346);
INSERT INTO `recent_games_analysis` VALUES ('救国少女之斯娜静歌:Sentinel Girls2', '2024-08-27', 1921, '96.0', '32.00', '32.00', 'hinyari9', 'hinyari9', '好评如潮', 347);
INSERT INTO `recent_games_analysis` VALUES ('Star Trek: Resurgence', '2024-05-23', 1917, '90.0', '92.0', '46.00', 'Dramatic Labs', 'Bruner House', '特别好评', 348);
INSERT INTO `recent_games_analysis` VALUES ('South of Midnight', '2025-04-09', 1910, '94.0', '198.00', '198.00', 'Compulsion Games', 'Xbox Game Studios', '特别好评', 349);
INSERT INTO `recent_games_analysis` VALUES ('劫盗惊魂夜', '2024-10-25', 1887, '83.0', '38.00', '38.00', 'Piece of Cake studios', 'Piece of Cake studios', '特别好评', 350);
INSERT INTO `recent_games_analysis` VALUES ('Until Dawn™', '2024-10-04', 1868, '79.0', '398.00', '398.00', 'Ballistic Moon', 'PlayStation Publishing LLC', '多半好评', 351);
INSERT INTO `recent_games_analysis` VALUES ('Aloft', '2025-01-15', 1863, '83.0', '93.89', '93.89', 'Astrolabe Interactive Inc.', 'Funcom', '特别好评', 352);
INSERT INTO `recent_games_analysis` VALUES ('优米雅的炼金工房 ～追忆之炼金术士与幻创之地～', '2025-03-21', 1852, '65.0', '349.00', '349.00', 'KOEI TECMO GAMES CO., LTD.', 'KOEI TECMO GAMES CO., LTD.', '褒贬不一', 353);
INSERT INTO `recent_games_analysis` VALUES ('SchoolBoy Runaway', '2024-12-07', 1845, '91.0', '26.00', '26.00', 'Linked Squad', 'Linked Squad', '特别好评', 354);
INSERT INTO `recent_games_analysis` VALUES ('兽猎突袭', '2025-04-11', 1845, '76.0', '68.00', '68.00', 'Combat Cat Studio', 'Combat Cat Studio', '多半好评', 355);
INSERT INTO `recent_games_analysis` VALUES ('癫狂动物园 Zoochosis', '2024-09-30', 1844, '58.0', '76.00', '76.00', 'Clapperheads', 'Clapperheads', '褒贬不一', 356);
INSERT INTO `recent_games_analysis` VALUES ('癫狂动物园 Zoochosis', '2024-09-30', 1844, '58.0', '76.00', '76.00', 'Clapperheads', 'Clapperheads', '褒贬不一', 357);
INSERT INTO `recent_games_analysis` VALUES ('刀剑神域 碎梦边境', '2024-10-04', 1843, '65.0', '298.0', '196.68', 'Dimps Corporation', 'Bandai Namco Entertainment', '褒贬不一', 358);
INSERT INTO `recent_games_analysis` VALUES ('欢欣森活', '2024-11-07', 1841, '70.0', '76.00', '76.00', 'Bad Ridge Games', 'V Publishing', '多半好评', 359);
INSERT INTO `recent_games_analysis` VALUES ('Castlevania Dominus Collection', '2024-08-27', 1835, '95.0', '92.00', '92.00', 'KONAMI', 'KONAMI', '好评如潮', 360);
INSERT INTO `recent_games_analysis` VALUES ('牌兵布阵 (Commander Quest)', '2025-04-04', 1833, '74.0', '48.00', '48.00', 'Flyway Games, Inc.', 'Flyway Games, Inc.', '多半好评', 361);
INSERT INTO `recent_games_analysis` VALUES ('Space Engineers 2', '2025-01-28', 1819, '78.0', '108.00', '108.00', 'Keen Software House', 'Keen Software House', '多半好评', 362);
INSERT INTO `recent_games_analysis` VALUES ('Folie Fatale 致命至爱', '2024-05-30', 1812, '89.0', '24.0', '19.20', 'Kanmidoko (神海処)', '346lab Localization', '特别好评', 363);
INSERT INTO `recent_games_analysis` VALUES ('Planet Centauri', '2024-12-13', 1810, '78.0', '48.00', '48.00', 'Permadeath', 'Permadeath', '多半好评', 364);
INSERT INTO `recent_games_analysis` VALUES ('A Tower Full of Cats', '2024-05-21', 1803, '99.0', '25.50', '25.50', 'Devcats', 'Devcats', '好评如潮', 365);
INSERT INTO `recent_games_analysis` VALUES ('灾变前夜', '2024-10-01', 1801, '72.0', '63.80', '63.80', 'Kioop', 'Kioop', '多半好评', 366);
INSERT INTO `recent_games_analysis` VALUES ('暗夜绝望', '2025-04-24', 1799, '41.0', '0', '0', 'NHN', 'NHN', '褒贬不一', 367);
INSERT INTO `recent_games_analysis` VALUES ('幻耀的羽毛 / Mirage Feathers', '2024-09-07', 1797, '98.0', '22.00', '22.00', 'oyasumi Workshop', 'oyasumi Workshop', '好评如潮', 368);
INSERT INTO `recent_games_analysis` VALUES ('Oh Deer', '2024-06-28', 1791, '85.0', '42.00', '42.00', 'Cozy Cabin Studios', 'Cozy Cabin Studios', '特别好评', 369);
INSERT INTO `recent_games_analysis` VALUES ('忘却前夜', '2024-08-02', 1784, '78.0', '0', '0', 'B.I.A.V. Studio', 'B.I.A.V. Studio', '多半好评', 370);
INSERT INTO `recent_games_analysis` VALUES ('The Powder Toy', '2024-06-15', 1784, '98.0', '0', '0', 'The Powder Toy Team', 'The Powder Toy Team', '好评如潮', 371);
INSERT INTO `recent_games_analysis` VALUES ('Yasuke Simulator', '2025-03-20', 1780, '97.0', '18.00', '18.00', 'HistoryAccurateDevelopers', 'HistoryAccurateDevelopers', '好评如潮', 372);
INSERT INTO `recent_games_analysis` VALUES ('100 Istanbul Cats', '2024-05-17', 1780, '82.0', '0', '0', '100 Cozy Games', 'Cats', '特别好评', 373);
INSERT INTO `recent_games_analysis` VALUES ('圣剑传说 Visions of Mana', '2024-08-30', 1775, '77.0', '348.0', '226.20', 'Square Enix', 'Square Enix', '多半好评', 374);
INSERT INTO `recent_games_analysis` VALUES ('White Knuckle', '2025-04-18', 1762, '98.0', '52.00', '52.00', 'Dark Machine Games', 'DreadXP', '好评如潮', 375);
INSERT INTO `recent_games_analysis` VALUES ('造物主 2', '2024-05-28', 1761, '95.0', '92.00', '92.00', 'Abbey Games', 'Firesquid', '好评如潮', 376);
INSERT INTO `recent_games_analysis` VALUES ('LOLLIPOP CHAINSAW RePOP', '2024-09-12', 1758, '87.0', '239.20', '239.20', 'DRAGAMI GAMES, LTD.', 'DRAGAMI GAMES, LTD.', '特别好评', 377);
INSERT INTO `recent_games_analysis` VALUES ('Everhood 2', '2025-03-04', 1755, '75.0', '76.00', '76.00', 'Chris Nordgren', 'Jordi Roca', '多半好评', 378);
INSERT INTO `recent_games_analysis` VALUES ('Astrometica', '2024-12-10', 1753, '88.0', '136.8', '75.24', 'BeryMery', 'RockGame S.A.', '特别好评', 379);
INSERT INTO `recent_games_analysis` VALUES ('冒牌猫谜', '2024-09-20', 1741, '83.0', '42.00', '42.00', 'Spoonful Of Wonder', 'Neverland Entertainment', '特别好评', 380);
INSERT INTO `recent_games_analysis` VALUES ('OUTBRK', '2024-06-28', 1738, '77.0', '128.00', '128.00', 'Sublime', 'Sublime', '多半好评', 381);
INSERT INTO `recent_games_analysis` VALUES ('OUTBRK', '2024-06-28', 1738, '77.0', '128.00', '128.00', 'Sublime', 'Sublime', '多半好评', 382);
INSERT INTO `recent_games_analysis` VALUES ('X4: 时间线', '2024-06-21', 1701, '41.0', '58.00', '58.00', 'Egosoft', 'Egosoft', '褒贬不一', 383);
INSERT INTO `recent_games_analysis` VALUES ('HENPRI', '2025-03-04', 1698, '94.0', '92.00', '92.00', 'Qruppo', 'Shiravune', '特别好评', 384);
INSERT INTO `recent_games_analysis` VALUES ('S4U: 都市朋克2011与爱的重拳', '2025-01-09', 1697, '90.0', '52.00', '52.00', 'U0U Games', 'GCORES PUBLISHING', '特别好评', 385);
INSERT INTO `recent_games_analysis` VALUES ('Caravan SandWitch', '2024-09-12', 1690, '91.0', '90.00', '90.00', 'Studio Plane Toast', 'Dear Villagers', '特别好评', 386);
INSERT INTO `recent_games_analysis` VALUES ('孤星猎人', '2025-04-03', 1689, '91.0', '52.00', '52.00', 'Math Tide', 'Thermite Games', '特别好评', 387);
INSERT INTO `recent_games_analysis` VALUES ('Click Mage', '2025-01-06', 1688, '93.0', '22.00', '22.00', 'Tiny Crow Games', 'Tiny Crow Games', '特别好评', 388);
INSERT INTO `recent_games_analysis` VALUES ('Nordhold', '2025-03-26', 1680, '90.0', '78.00', '78.00', 'StunForge', 'HypeTrain Digital', '特别好评', 389);
INSERT INTO `recent_games_analysis` VALUES ('冥界清道夫(Crypt Custodian)', '2024-08-27', 1680, '97.0', '76.0', '53.20', 'Kyle Thompson', 'Kyle Thompson', '好评如潮', 390);
INSERT INTO `recent_games_analysis` VALUES ('Recycling Center Simulator', '2024-10-02', 1669, '87.0', '130.5', '68.94', 'Balas Games', 'PlayWay S.A.', '特别好评', 391);
INSERT INTO `recent_games_analysis` VALUES ('Ara: History Untold', '2024-09-24', 1669, '67.0', '248.0', '161.20', 'Oxide Games', 'Xbox Game Studios', '褒贬不一', 392);
INSERT INTO `recent_games_analysis` VALUES ('重生之我是小虾米', '2024-08-13', 1665, '95.0', '0', '0', 'ForeverNo.2 Game Studio', 'ForeverNo.2 Game Studio', '好评如潮', 393);
INSERT INTO `recent_games_analysis` VALUES ('咪子不要!', '2024-08-23', 1662, '99.0', '0', '0', 'DU&I', 'DU&I', '好评如潮', 394);
INSERT INTO `recent_games_analysis` VALUES ('Train Sim World® 5', '2024-09-18', 1653, '81.0', '136.00', '136.00', 'Dovetail Games', 'Dovetail Games - TSW', '特别好评', 395);
INSERT INTO `recent_games_analysis` VALUES ('Go-Go Town!', '2024-06-18', 1640, '93.0', '88.00', '88.00', 'Prideful Sloth', 'CULT Games', '特别好评', 396);
INSERT INTO `recent_games_analysis` VALUES ('A Quiet Place: The Road Ahead', '2024-10-17', 1639, '76.0', '119.00', '119.00', 'Stormind Games', 'Saber Interactive', '多半好评', 397);
INSERT INTO `recent_games_analysis` VALUES ('A Quiet Place: The Road Ahead', '2024-10-17', 1639, '76.0', '119.00', '119.00', 'Stormind Games', 'Saber Interactive', '多半好评', 398);
INSERT INTO `recent_games_analysis` VALUES ('Towers of Aghasba', '2024-11-20', 1634, '68.0', '108.00', '108.00', 'Dreamlit inc.', 'Dreamlit inc.', '褒贬不一', 399);
INSERT INTO `recent_games_analysis` VALUES ('Look Outside', '2025-03-21', 1631, '98.0', '42.00', '42.00', 'Francis Coulombe', 'Devolver Digital', '好评如潮', 400);

-- ----------------------------
-- Table structure for top_developers_by_goodcount
-- ----------------------------
DROP TABLE IF EXISTS `top_developers_by_goodcount`;
CREATE TABLE `top_developers_by_goodcount`  (
  `developer` varchar(255) CHARACTER SET utf8mb4 COLLATE utf8mb4_unicode_ci NULL DEFAULT NULL,
  `game_count` bigint(20) NULL DEFAULT NULL,
  `avg_good_rate` double NULL DEFAULT NULL,
  `total_good_reviews` double NULL DEFAULT NULL
) ENGINE = InnoDB CHARACTER SET = utf8mb4 COLLATE = utf8mb4_unicode_ci ROW_FORMAT = Dynamic;

-- ----------------------------
-- Records of top_developers_by_goodcount
-- ----------------------------
INSERT INTO `top_developers_by_goodcount` VALUES ('Valve', 31, 88.12903225806451, 1260558968);
INSERT INTO `top_developers_by_goodcount` VALUES ('Facepunch Studios', 6, 89, 183966218);
INSERT INTO `top_developers_by_goodcount` VALUES ('Ubisoft Montreal', 63, 69.44444444444444, 151085474);
INSERT INTO `top_developers_by_goodcount` VALUES ('PUBG Corporation', 1, 59, 150096295);
INSERT INTO `top_developers_by_goodcount` VALUES ('CD PROJEKT RED', 23, 88.08695652173913, 149375371);
INSERT INTO `top_developers_by_goodcount` VALUES ('FromSoftware, Inc.', 14, 82.92857142857143, 137576537);
INSERT INTO `top_developers_by_goodcount` VALUES ('CAPCOM Co., Ltd.', 352, 82.35511363636364, 119767490);
INSERT INTO `top_developers_by_goodcount` VALUES ('Re-Logic', 2, 95, 108327326);
INSERT INTO `top_developers_by_goodcount` VALUES ('SCS Software', 126, 86.37301587301587, 83303046);
INSERT INTO `top_developers_by_goodcount` VALUES ('Game Science', 3, 88.66666666666667, 80877540);
INSERT INTO `top_developers_by_goodcount` VALUES ('ConcernedApe', 1, 98, 73481380);
INSERT INTO `top_developers_by_goodcount` VALUES ('Rockstar Games', 9, 77.88888888888889, 73102293);
INSERT INTO `top_developers_by_goodcount` VALUES ('Respawn', 4, 55.25, 70414583);
INSERT INTO `top_developers_by_goodcount` VALUES ('Endnight Games Ltd', 2, 91, 69923589);
INSERT INTO `top_developers_by_goodcount` VALUES ('Bethesda Game Studios', 43, 65, 67159557);
INSERT INTO `top_developers_by_goodcount` VALUES ('Arrowhead Game Studios', 23, 78.65217391304348, 61785205);
INSERT INTO `top_developers_by_goodcount` VALUES ('Treyarch', 19, 79.10526315789474, 61122578);
INSERT INTO `top_developers_by_goodcount` VALUES ('Kinetic Games', 1, 96, 59870304);
INSERT INTO `top_developers_by_goodcount` VALUES ('Innersloth', 1, 92, 56616340);
INSERT INTO `top_developers_by_goodcount` VALUES ('Klei Entertainment', 32, 92.03125, 56510083);
INSERT INTO `top_developers_by_goodcount` VALUES ('Firaxis Games', 64, 67, 55651888);
INSERT INTO `top_developers_by_goodcount` VALUES ('Studio Wildcard', 32, 63.625, 54239607);
INSERT INTO `top_developers_by_goodcount` VALUES ('Digital Extremes', 13, 89.6923076923077, 53733334);
INSERT INTO `top_developers_by_goodcount` VALUES ('Bohemia Interactive', 35, 70.68571428571428, 51727573);
INSERT INTO `top_developers_by_goodcount` VALUES ('Smartly Dressed Games', 2, 92, 51341271);
INSERT INTO `top_developers_by_goodcount` VALUES ('Bungie', 10, 50.5, 50053840);
INSERT INTO `top_developers_by_goodcount` VALUES ('Techland', 54, 80.29629629629629, 48560421);
INSERT INTO `top_developers_by_goodcount` VALUES ('DICE', 25, 62.56, 48107660);
INSERT INTO `top_developers_by_goodcount` VALUES ('Behaviour Interactive Inc.', 30, 75, 47291433);
INSERT INTO `top_developers_by_goodcount` VALUES ('Gaijin Entertainment', 25, 50.28, 45350082);
INSERT INTO `top_developers_by_goodcount` VALUES ('OVERKILL - a Starbreeze Studio.', 71, 76.7605633802817, 43385926);
INSERT INTO `top_developers_by_goodcount` VALUES ('Paradox Development Studio', 162, 60.53703703703704, 42492699);
INSERT INTO `top_developers_by_goodcount` VALUES ('Supergiant Games', 13, 94.92307692307692, 41889944);
INSERT INTO `top_developers_by_goodcount` VALUES ('CREATIVE ASSEMBLY', 114, 66.54385964912281, 40386335);
INSERT INTO `top_developers_by_goodcount` VALUES ('Iron Gate AB', 2, 92, 39776380);
INSERT INTO `top_developers_by_goodcount` VALUES ('Larian Studios', 9, 89.66666666666667, 37251131);
INSERT INTO `top_developers_by_goodcount` VALUES ('Obsidian Entertainment', 40, 79.3, 36710159);
INSERT INTO `top_developers_by_goodcount` VALUES ('Gearbox Software', 50, 56.5, 36074469);
INSERT INTO `top_developers_by_goodcount` VALUES ('Square Enix', 107, 73.30841121495327, 35996662);
INSERT INTO `top_developers_by_goodcount` VALUES ('Unknown Worlds Entertainment', 8, 89.125, 35967924);
INSERT INTO `top_developers_by_goodcount` VALUES ('Team Cherry', 3, 93.66666666666667, 35654824);
INSERT INTO `top_developers_by_goodcount` VALUES ('Respawn Entertainment', 6, 82.83333333333333, 33499895);
INSERT INTO `top_developers_by_goodcount` VALUES ('Nicalis, Inc.', 11, 79.72727272727273, 32991544);
INSERT INTO `top_developers_by_goodcount` VALUES ('TaleWorlds Entertainment', 7, 89.57142857142857, 32185994);
INSERT INTO `top_developers_by_goodcount` VALUES ('Pocketpair', 6, 78.66666666666667, 31633621);
INSERT INTO `top_developers_by_goodcount` VALUES ('Blue Mammoth Games', 6, 81.83333333333333, 31278077);
INSERT INTO `top_developers_by_goodcount` VALUES ('Wargaming Group Limited', 22, 67.77272727272727, 30716789);
INSERT INTO `top_developers_by_goodcount` VALUES ('BeamNG', 1, 97, 28429439);
INSERT INTO `top_developers_by_goodcount` VALUES ('Redbeet Interactive', 1, 93, 27301731);
INSERT INTO `top_developers_by_goodcount` VALUES ('Rare Ltd', 4, 97.25, 27191772);
INSERT INTO `top_developers_by_goodcount` VALUES ('Ghost Ship Games', 14, 95.85714285714286, 27021893);
INSERT INTO `top_developers_by_goodcount` VALUES ('Hazelight Studios', 3, 92.66666666666667, 26801593);
INSERT INTO `top_developers_by_goodcount` VALUES ('The Indie Stone', 1, 94, 26528962);
INSERT INTO `top_developers_by_goodcount` VALUES ('Crystal Dynamics', 33, 70.0909090909091, 26392348);
INSERT INTO `top_developers_by_goodcount` VALUES ('mestiez', 1, 98, 25715200);
INSERT INTO `top_developers_by_goodcount` VALUES ('Landfall', 10, 90.8, 24810290);
INSERT INTO `top_developers_by_goodcount` VALUES ('id Software', 22, 79, 24643725);
INSERT INTO `top_developers_by_goodcount` VALUES ('World\'s Edge', 27, 73.11111111111111, 24642398);
INSERT INTO `top_developers_by_goodcount` VALUES ('4A Games', 4, 87, 24268455);
INSERT INTO `top_developers_by_goodcount` VALUES ('Rocksteady Studios', 23, 74.3913043478261, 24122277);
INSERT INTO `top_developers_by_goodcount` VALUES ('poncle', 7, 95, 23804793);
INSERT INTO `top_developers_by_goodcount` VALUES ('Coffee Stain Studios', 11, 85.45454545454545, 23714582);
INSERT INTO `top_developers_by_goodcount` VALUES ('tobyfox', 1, 96, 23025312);
INSERT INTO `top_developers_by_goodcount` VALUES ('Team Salvato', 4, 97.75, 22782360);
INSERT INTO `top_developers_by_goodcount` VALUES ('State Space Labs, Inc.', 2, 92, 22781224);
INSERT INTO `top_developers_by_goodcount` VALUES ('Hello Games', 5, 81.6, 22687509);
INSERT INTO `top_developers_by_goodcount` VALUES ('NetEase Games', 3, 72, 22659976);
INSERT INTO `top_developers_by_goodcount` VALUES ('Colossal Order Ltd.', 42, 64.69047619047619, 22158662);
INSERT INTO `top_developers_by_goodcount` VALUES ('The Fun Pimps', 2, 90, 22150528);
INSERT INTO `top_developers_by_goodcount` VALUES ('Avalanche Software', 8, 78.875, 21083010);
INSERT INTO `top_developers_by_goodcount` VALUES ('Hopoo Games', 5, 94.8, 20438455);
INSERT INTO `top_developers_by_goodcount` VALUES ('Crytek', 68, 74.32352941176471, 20307313);
INSERT INTO `top_developers_by_goodcount` VALUES ('ATLUS', 38, 67.1842105263158, 20177243);
INSERT INTO `top_developers_by_goodcount` VALUES ('Northwood Studios', 1, 91, 19363708);
INSERT INTO `top_developers_by_goodcount` VALUES ('Moon Studios GmbH', 5, 91, 18943214);
INSERT INTO `top_developers_by_goodcount` VALUES ('Avalanche Studios', 36, 74.44444444444444, 18915764);
INSERT INTO `top_developers_by_goodcount` VALUES ('Ubisoft', 43, 67.25581395348837, 18573683);
INSERT INTO `top_developers_by_goodcount` VALUES ('DONTNOD Entertainment', 12, 75.25, 18502399);
INSERT INTO `top_developers_by_goodcount` VALUES ('Playground Games', 42, 64.30952380952381, 18338464);
INSERT INTO `top_developers_by_goodcount` VALUES ('Red Barrels', 7, 96.14285714285714, 18215174);
INSERT INTO `top_developers_by_goodcount` VALUES ('Ludeon Studios', 9, 89.33333333333333, 18065705);
INSERT INTO `top_developers_by_goodcount` VALUES ('New World Interactive', 38, 68.02631578947368, 17926547);
INSERT INTO `top_developers_by_goodcount` VALUES ('Capcom', 51, 73.80392156862744, 17714561);
INSERT INTO `top_developers_by_goodcount` VALUES ('Expansive Worlds', 58, 71.8103448275862, 17461168);
INSERT INTO `top_developers_by_goodcount` VALUES ('Warhorse Studios', 15, 75, 17342782);
INSERT INTO `top_developers_by_goodcount` VALUES ('Hazelight Studio', 1, 95, 17055350);
INSERT INTO `top_developers_by_goodcount` VALUES ('Wube Software LTD.', 4, 95.75, 17002959);
INSERT INTO `top_developers_by_goodcount` VALUES ('Saber Interactive', 60, 65.03333333333333, 16812564);
INSERT INTO `top_developers_by_goodcount` VALUES ('Offworld', 8, 77.75, 16684139);
INSERT INTO `top_developers_by_goodcount` VALUES ('Amazon Games', 2, 68.5, 16678280);
INSERT INTO `top_developers_by_goodcount` VALUES ('KOEI TECMO GAMES CO., LTD.', 219, 73.1917808219178, 16546679);
INSERT INTO `top_developers_by_goodcount` VALUES ('VOID Interactive', 4, 74, 16477175);
INSERT INTO `top_developers_by_goodcount` VALUES ('TVGS', 1, 98, 16220176);
INSERT INTO `top_developers_by_goodcount` VALUES ('Studio MDHR Entertainment Inc.', 2, 95.5, 16137198);
INSERT INTO `top_developers_by_goodcount` VALUES ('Rockstar North', 4, 72, 16063832);
INSERT INTO `top_developers_by_goodcount` VALUES ('BioWare', 18, 66.16666666666667, 16051734);
INSERT INTO `top_developers_by_goodcount` VALUES ('Quantic Dream', 4, 82.75, 15993297);
INSERT INTO `top_developers_by_goodcount` VALUES ('Ryu Ga Gotoku Studio', 37, 67.16216216216216, 15707647);
INSERT INTO `top_developers_by_goodcount` VALUES ('The Behemoth', 9, 93.66666666666667, 15694087);
INSERT INTO `top_developers_by_goodcount` VALUES ('Amistech Games', 2, 94, 15670552);
INSERT INTO `top_developers_by_goodcount` VALUES ('gamigo US Inc.', 8, 60.375, 15644633);
INSERT INTO `top_developers_by_goodcount` VALUES ('PopCap Games, Inc.', 17, 91.52941176470588, 15588375);
INSERT INTO `top_developers_by_goodcount` VALUES ('Fatshark', 46, 63.32608695652174, 15526599);
INSERT INTO `top_developers_by_goodcount` VALUES ('Arkane Studios', 14, 74.21428571428571, 15466499);
INSERT INTO `top_developers_by_goodcount` VALUES ('No Brakes Games', 3, 71.33333333333333, 15403913);
INSERT INTO `top_developers_by_goodcount` VALUES ('Ubisoft Quebec', 4, 71.75, 15372423);
INSERT INTO `top_developers_by_goodcount` VALUES ('Mega Crit', 1, 97, 15162167);
INSERT INTO `top_developers_by_goodcount` VALUES ('Maxis', 93, 66.61290322580645, 15075543);
INSERT INTO `top_developers_by_goodcount` VALUES ('QLOC', 18, 76.44444444444444, 14913361);
INSERT INTO `top_developers_by_goodcount` VALUES ('Monomi Park', 11, 83.54545454545455, 14710943);
INSERT INTO `top_developers_by_goodcount` VALUES ('Motion Twin', 5, 91.6, 14632232);
INSERT INTO `top_developers_by_goodcount` VALUES ('Giants Software', 50, 72.32, 14441583);
INSERT INTO `top_developers_by_goodcount` VALUES ('Daniel Mullins Games', 4, 96.5, 14124554);
INSERT INTO `top_developers_by_goodcount` VALUES ('Arsi \"Hakita\" Patala', 1, 97, 14119223);
INSERT INTO `top_developers_by_goodcount` VALUES ('Dani', 1, 91, 13877864);
INSERT INTO `top_developers_by_goodcount` VALUES ('343 Industries', 8, 76.375, 13707916);
INSERT INTO `top_developers_by_goodcount` VALUES ('Red Hook Studios', 10, 69.7, 13701505);
INSERT INTO `top_developers_by_goodcount` VALUES ('Kunos Simulazioni', 21, 91.47619047619048, 13555343);
INSERT INTO `top_developers_by_goodcount` VALUES ('BlueTwelve Studio', 1, 97, 13454870);
INSERT INTO `top_developers_by_goodcount` VALUES ('Spike Chunsoft Co., Ltd.', 45, 75.46666666666667, 13423877);
INSERT INTO `top_developers_by_goodcount` VALUES ('CyberConnect2 Co. Ltd.', 34, 69.61764705882354, 13188789);
INSERT INTO `top_developers_by_goodcount` VALUES ('semiwork', 3, 96, 12730848);
INSERT INTO `top_developers_by_goodcount` VALUES ('Ghost Games', 7, 78.71428571428571, 12514789);
INSERT INTO `top_developers_by_goodcount` VALUES ('Insomniac Games', 6, 84.33333333333333, 12388403);
INSERT INTO `top_developers_by_goodcount` VALUES ('Santa Monica Studio', 7, 77.14285714285714, 12294672);
INSERT INTO `top_developers_by_goodcount` VALUES ('Scott Cawthon', 6, 92.33333333333333, 12080728);
INSERT INTO `top_developers_by_goodcount` VALUES ('NetherRealm Studios', 87, 76.93103448275862, 12043644);
INSERT INTO `top_developers_by_goodcount` VALUES ('Daybreak Game Company', 7, 63.42857142857143, 11763148);
INSERT INTO `top_developers_by_goodcount` VALUES ('LocalThunk', 2, 93, 11486536);
INSERT INTO `top_developers_by_goodcount` VALUES ('MINTROCKET', 4, 83.25, 11336450);
INSERT INTO `top_developers_by_goodcount` VALUES ('Telltale Games', 10, 91.4, 11272218);
INSERT INTO `top_developers_by_goodcount` VALUES ('GSC Game World', 13, 76.92307692307692, 11167167);
INSERT INTO `top_developers_by_goodcount` VALUES ('Rebellion', 101, 72.1980198019802, 11165307);
INSERT INTO `top_developers_by_goodcount` VALUES ('Team17', 12, 69, 11153478);
INSERT INTO `top_developers_by_goodcount` VALUES ('Mob Entertainment', 5, 76.2, 11133333);
INSERT INTO `top_developers_by_goodcount` VALUES ('Crowbar Collective', 1, 95, 11003470);
INSERT INTO `top_developers_by_goodcount` VALUES ('Scopely', 1, 85, 10818120);
INSERT INTO `top_developers_by_goodcount` VALUES ('Croteam', 19, 89.42105263157895, 10785037);
INSERT INTO `top_developers_by_goodcount` VALUES ('Deep Silver Volition', 9, 85.77777777777777, 10706210);
INSERT INTO `top_developers_by_goodcount` VALUES ('SgtOkiDoki', 2, 84.5, 10583774);
INSERT INTO `top_developers_by_goodcount` VALUES ('Frontier Developments', 57, 80.36842105263158, 10483262);
INSERT INTO `top_developers_by_goodcount` VALUES ('ZeniMax Online Studios', 6, 68.16666666666667, 10477776);
INSERT INTO `top_developers_by_goodcount` VALUES ('鬼谷工作室', 4, 46, 10378472);
INSERT INTO `top_developers_by_goodcount` VALUES ('Volition', 35, 66, 10181182);
INSERT INTO `top_developers_by_goodcount` VALUES ('System Era Softworks', 6, 83.16666666666667, 10157341);
INSERT INTO `top_developers_by_goodcount` VALUES ('Irrational Games', 6, 82.83333333333333, 10127183);
INSERT INTO `top_developers_by_goodcount` VALUES ('Infinity Ward', 24, 72.29166666666667, 10040386);
INSERT INTO `top_developers_by_goodcount` VALUES ('Squad', 3, 78.33333333333333, 9852980);
INSERT INTO `top_developers_by_goodcount` VALUES ('Freebird Games', 11, 94.9090909090909, 9767847);
INSERT INTO `top_developers_by_goodcount` VALUES ('Tuxedo Labs', 6, 75.16666666666667, 9646109);
INSERT INTO `top_developers_by_goodcount` VALUES ('peropero', 1, 91, 9581936);
INSERT INTO `top_developers_by_goodcount` VALUES ('Duhndal', 7, 82, 9578290);
INSERT INTO `top_developers_by_goodcount` VALUES ('Hangar 13', 3, 71.66666666666667, 9573929);
INSERT INTO `top_developers_by_goodcount` VALUES ('Eidos-Montréal', 19, 69.89473684210526, 9471838);
INSERT INTO `top_developers_by_goodcount` VALUES ('Guerrilla', 2, 88, 9461119);
INSERT INTO `top_developers_by_goodcount` VALUES ('AIHASTO', 5, 89.8, 9430533);
INSERT INTO `top_developers_by_goodcount` VALUES ('Edmund McMillen', 5, 86, 9394138);
INSERT INTO `top_developers_by_goodcount` VALUES ('ZA/UM', 3, 93, 9383094);
INSERT INTO `top_developers_by_goodcount` VALUES ('Titan Forge Games', 4, 56.5, 9347090);
INSERT INTO `top_developers_by_goodcount` VALUES ('Red Dot Games', 36, 83.52777777777777, 9333252);
INSERT INTO `top_developers_by_goodcount` VALUES ('Starry Studio', 2, 64, 9298979);
INSERT INTO `top_developers_by_goodcount` VALUES ('Relic Entertainment', 28, 70.92857142857143, 9273585);
INSERT INTO `top_developers_by_goodcount` VALUES ('Playdead', 2, 94.5, 9264626);
INSERT INTO `top_developers_by_goodcount` VALUES ('Ubisoft Montreal, Massive Entertainment, and Ubisoft Shanghai', 1, 89, 9208296);
INSERT INTO `top_developers_by_goodcount` VALUES ('Keen Software House', 20, 75.95, 9205228);
INSERT INTO `top_developers_by_goodcount` VALUES ('Stunlock Studios', 12, 86.5, 9133550);
INSERT INTO `top_developers_by_goodcount` VALUES ('Landfall West', 1, 93, 9087960);
INSERT INTO `top_developers_by_goodcount` VALUES ('Pathea Games', 27, 83.33333333333333, 9059773);
INSERT INTO `top_developers_by_goodcount` VALUES ('Lucas Pope', 2, 96.5, 9026949);
INSERT INTO `top_developers_by_goodcount` VALUES ('Blobfish', 4, 84, 8953856);
INSERT INTO `top_developers_by_goodcount` VALUES ('Hinterland Studio Inc.', 3, 92.33333333333333, 8885486);
INSERT INTO `top_developers_by_goodcount` VALUES ('Remedy Entertainment', 5, 78.4, 8883242);
INSERT INTO `top_developers_by_goodcount` VALUES ('Ubisoft Paris', 11, 64.18181818181819, 8833584);
INSERT INTO `top_developers_by_goodcount` VALUES ('Pandemic Studios', 7, 82.85714285714286, 8823063);
INSERT INTO `top_developers_by_goodcount` VALUES ('Dennaton Games', 5, 96, 8814478);
INSERT INTO `top_developers_by_goodcount` VALUES ('Massive Monster', 11, 92.27272727272727, 8606152);
INSERT INTO `top_developers_by_goodcount` VALUES ('ProjectMoon', 4, 92.5, 8552115);
INSERT INTO `top_developers_by_goodcount` VALUES ('PlatinumGames', 2, 94, 8432384);
INSERT INTO `top_developers_by_goodcount` VALUES ('7th Beat Games', 4, 91.5, 8404596);
INSERT INTO `top_developers_by_goodcount` VALUES ('EA Canada', 2, 53, 8356363);
INSERT INTO `top_developers_by_goodcount` VALUES ('Tango Gameworks', 17, 88.6470588235294, 8320283);
INSERT INTO `top_developers_by_goodcount` VALUES ('Free Lives', 12, 93, 8248300);
INSERT INTO `top_developers_by_goodcount` VALUES ('NEKO WORKs', 13, 92.84615384615384, 8221157);
INSERT INTO `top_developers_by_goodcount` VALUES ('Gunfire Games', 13, 64.61538461538461, 8141341);
INSERT INTO `top_developers_by_goodcount` VALUES ('Ninja Theory', 7, 87.57142857142857, 8071052);
INSERT INTO `top_developers_by_goodcount` VALUES ('CarX Technologies, LLC', 20, 78.65, 8065011);
INSERT INTO `top_developers_by_goodcount` VALUES ('Duoyi Games', 6, 88.83333333333333, 8058011);
INSERT INTO `top_developers_by_goodcount` VALUES ('Tarsier Studios', 8, 84.375, 8027392);
INSERT INTO `top_developers_by_goodcount` VALUES ('Blizzard Entertainment, Inc.', 8, 57.125, 8018016);
INSERT INTO `top_developers_by_goodcount` VALUES ('Empyrean', 7, 79.28571428571429, 7979543);
INSERT INTO `top_developers_by_goodcount` VALUES ('Pixile', 6, 94.5, 7948792);
INSERT INTO `top_developers_by_goodcount` VALUES ('Skybox Labs', 1, 95, 7918060);
INSERT INTO `top_developers_by_goodcount` VALUES ('Mike Klubnika', 1, 96, 7885728);
INSERT INTO `top_developers_by_goodcount` VALUES ('Funcom', 25, 69.08, 7808762);
INSERT INTO `top_developers_by_goodcount` VALUES ('Chucklefish', 2, 93, 7794072);
INSERT INTO `top_developers_by_goodcount` VALUES ('Eleventh Hour Games', 4, 92.75, 7746612);
INSERT INTO `top_developers_by_goodcount` VALUES ('Lo-Fi Games', 1, 95, 7699085);
INSERT INTO `top_developers_by_goodcount` VALUES ('Fancy Games', 1, 91, 7674576);
INSERT INTO `top_developers_by_goodcount` VALUES ('Leppsoft', 1, 96, 7670112);
INSERT INTO `top_developers_by_goodcount` VALUES ('Arc System Works', 84, 81.63095238095238, 7629324);
INSERT INTO `top_developers_by_goodcount` VALUES ('Nomada Studio', 4, 93.75, 7480136);
INSERT INTO `top_developers_by_goodcount` VALUES ('11 bit studios', 16, 76.875, 7472718);
INSERT INTO `top_developers_by_goodcount` VALUES ('BANDAI NAMCO Studios Inc.', 47, 75.36170212765957, 7360352);
INSERT INTO `top_developers_by_goodcount` VALUES ('MY.GAMES', 11, 67.27272727272727, 7344564);
INSERT INTO `top_developers_by_goodcount` VALUES ('KONAMI', 11, 73.72727272727273, 7334774);
INSERT INTO `top_developers_by_goodcount` VALUES ('Team Jade', 3, 50.666666666666664, 7273148);
INSERT INTO `top_developers_by_goodcount` VALUES ('Gamepires', 17, 80.76470588235294, 7243708);
INSERT INTO `top_developers_by_goodcount` VALUES ('Dodge Roll', 3, 88.33333333333333, 7193270);
INSERT INTO `top_developers_by_goodcount` VALUES ('Keen Games GmbH', 10, 76.5, 7186764);
INSERT INTO `top_developers_by_goodcount` VALUES ('VALOFE', 7, 68, 7170635);
INSERT INTO `top_developers_by_goodcount` VALUES ('Monolith Productions', 7, 74.71428571428571, 7129459);
INSERT INTO `top_developers_by_goodcount` VALUES ('Torn Banner Studios', 5, 70.6, 7127373);
INSERT INTO `top_developers_by_goodcount` VALUES ('Mobius Digital', 2, 93, 7098061);
INSERT INTO `top_developers_by_goodcount` VALUES ('Soviet Games', 4, 97.5, 7097150);
INSERT INTO `top_developers_by_goodcount` VALUES ('Turtle Rock Studios', 8, 62, 7092734);
INSERT INTO `top_developers_by_goodcount` VALUES ('OMOCAT, LLC', 2, 96.5, 6972716);
INSERT INTO `top_developers_by_goodcount` VALUES ('Miju Games', 4, 90, 6782400);
INSERT INTO `top_developers_by_goodcount` VALUES ('SteelRaven7', 1, 97, 6779136);
INSERT INTO `top_developers_by_goodcount` VALUES ('Nolla Games', 1, 95, 6762575);
INSERT INTO `top_developers_by_goodcount` VALUES ('Petroglyph', 13, 77.15384615384616, 6719514);
INSERT INTO `top_developers_by_goodcount` VALUES ('United Front Games', 11, 58.72727272727273, 6535861);
INSERT INTO `top_developers_by_goodcount` VALUES ('SEGA', 24, 81.41666666666667, 6519105);
INSERT INTO `top_developers_by_goodcount` VALUES ('Total Mayhem Games', 9, 86.44444444444444, 6513074);
INSERT INTO `top_developers_by_goodcount` VALUES ('Team Psykskallar', 1, 88, 6491848);
INSERT INTO `top_developers_by_goodcount` VALUES ('Asobo Studio', 5, 81.2, 6481170);
INSERT INTO `top_developers_by_goodcount` VALUES ('Novalink', 10, 62.3, 6419736);
INSERT INTO `top_developers_by_goodcount` VALUES ('Sandbox Interactive GmbH', 1, 78, 6418386);
INSERT INTO `top_developers_by_goodcount` VALUES ('WONDER POTION', 3, 97.66666666666667, 6410962);
INSERT INTO `top_developers_by_goodcount` VALUES ('Fireproof Games', 5, 92.8, 6400593);
INSERT INTO `top_developers_by_goodcount` VALUES ('BULKHEAD', 10, 62.9, 6373886);
INSERT INTO `top_developers_by_goodcount` VALUES ('NEOWIZ', 48, 84.64583333333333, 6371589);
INSERT INTO `top_developers_by_goodcount` VALUES ('Ivory Tower', 4, 71.25, 6326633);
INSERT INTO `top_developers_by_goodcount` VALUES ('Quiet River', 26, 91.34615384615384, 6312071);
INSERT INTO `top_developers_by_goodcount` VALUES ('Rec Room', 1, 89, 6296483);
INSERT INTO `top_developers_by_goodcount` VALUES ('Deck Nine', 12, 74.33333333333333, 6296204);
INSERT INTO `top_developers_by_goodcount` VALUES ('Naughty Dog LLC', 3, 85.66666666666667, 6278401);
INSERT INTO `top_developers_by_goodcount` VALUES ('Traveller\'s Tales', 35, 76.77142857142857, 6258584);
INSERT INTO `top_developers_by_goodcount` VALUES ('Broadsword', 6, 47.166666666666664, 6239506);
INSERT INTO `top_developers_by_goodcount` VALUES ('Digitalmindsoft', 18, 62.72222222222222, 6210980);
INSERT INTO `top_developers_by_goodcount` VALUES ('Gaggle Studios, Inc.', 1, 86, 6189162);
INSERT INTO `top_developers_by_goodcount` VALUES ('DeadDevsTellNoLies', 2, 88, 6158894);
INSERT INTO `top_developers_by_goodcount` VALUES ('Askiisoft', 1, 98, 6075314);
INSERT INTO `top_developers_by_goodcount` VALUES ('2K Boston', 2, 88, 6056982);
INSERT INTO `top_developers_by_goodcount` VALUES ('Frictional Games', 7, 90.42857142857143, 5970065);
INSERT INTO `top_developers_by_goodcount` VALUES ('Nokta Games', 1, 93, 5967159);
INSERT INTO `top_developers_by_goodcount` VALUES ('FYQD-Studio', 12, 94.75, 5940004);
INSERT INTO `top_developers_by_goodcount` VALUES ('Tour De Pizza', 2, 96.5, 5927625);
INSERT INTO `top_developers_by_goodcount` VALUES ('BetaDwarf', 7, 71.71428571428571, 5918725);
INSERT INTO `top_developers_by_goodcount` VALUES ('Ninja Kiwi', 12, 87.91666666666667, 5918275);
INSERT INTO `top_developers_by_goodcount` VALUES ('HopFrog', 2, 90, 5903460);
INSERT INTO `top_developers_by_goodcount` VALUES ('Rogue Planet Games', 2, 81.5, 5896150);
INSERT INTO `top_developers_by_goodcount` VALUES ('Ghost Town Games Ltd.', 5, 82.2, 5864854);
INSERT INTO `top_developers_by_goodcount` VALUES ('Straight Back Games', 4, 81.75, 5854848);
INSERT INTO `top_developers_by_goodcount` VALUES ('EXBO', 1, 76, 5780560);
INSERT INTO `top_developers_by_goodcount` VALUES ('NEXON Games Co., Ltd.', 1, 56, 5743248);
INSERT INTO `top_developers_by_goodcount` VALUES ('Rusty Lake', 10, 96.2, 5711494);
INSERT INTO `top_developers_by_goodcount` VALUES ('Introversion Software', 8, 86, 5707603);
INSERT INTO `top_developers_by_goodcount` VALUES ('Bennett Foddy', 1, 82, 5704740);
INSERT INTO `top_developers_by_goodcount` VALUES ('Massive Entertainment', 20, 64.4, 5703444);
INSERT INTO `top_developers_by_goodcount` VALUES ('Maxis™', 2, 90, 5690948);
INSERT INTO `top_developers_by_goodcount` VALUES ('Steel Wool Studios', 5, 84.2, 5674116);
INSERT INTO `top_developers_by_goodcount` VALUES ('Fishing Planet LLC', 37, 71.78378378378379, 5659882);
INSERT INTO `top_developers_by_goodcount` VALUES ('Playsaurus', 7, 86.14285714285714, 5641168);
INSERT INTO `top_developers_by_goodcount` VALUES ('Little Orbit', 5, 58, 5585295);
INSERT INTO `top_developers_by_goodcount` VALUES ('2K Marin', 7, 74.28571428571429, 5527394);
INSERT INTO `top_developers_by_goodcount` VALUES ('BlankMediaGames', 4, 80.25, 5519568);
INSERT INTO `top_developers_by_goodcount` VALUES ('Hyper Hippo Games', 5, 70, 5510566);
INSERT INTO `top_developers_by_goodcount` VALUES ('KAGAMI Ⅱ WORKs', 13, 53.15384615384615, 5498325);
INSERT INTO `top_developers_by_goodcount` VALUES ('Bandai Namco Studios Inc.', 9, 53.333333333333336, 5372561);
INSERT INTO `top_developers_by_goodcount` VALUES ('Wilnyl', 1, 94, 5351138);
INSERT INTO `top_developers_by_goodcount` VALUES ('Rockstar New England', 2, 84, 5338032);
INSERT INTO `top_developers_by_goodcount` VALUES ('Targem Games', 16, 74.8125, 5288735);
INSERT INTO `top_developers_by_goodcount` VALUES ('WarpFrog', 1, 96, 5214720);
INSERT INTO `top_developers_by_goodcount` VALUES ('lamedeveloper', 1, 98, 5201252);
INSERT INTO `top_developers_by_goodcount` VALUES ('Creepy Jar', 2, 90, 5186372);
INSERT INTO `top_developers_by_goodcount` VALUES ('Atelier 801', 4, 80.75, 5171927);
INSERT INTO `top_developers_by_goodcount` VALUES ('Slavic Magic', 3, 92.33333333333333, 5147657);
INSERT INTO `top_developers_by_goodcount` VALUES ('Flying Wild Hog', 16, 79.625, 5135053);
INSERT INTO `top_developers_by_goodcount` VALUES ('Frozenbyte', 16, 82.875, 5123655);
INSERT INTO `top_developers_by_goodcount` VALUES ('Nimble Neuron', 1, 79, 5104506);
INSERT INTO `top_developers_by_goodcount` VALUES ('Shiying Studio', 3, 93, 5052531);
INSERT INTO `top_developers_by_goodcount` VALUES ('Cubic Games Studio', 5, 74.8, 5015430);
INSERT INTO `top_developers_by_goodcount` VALUES ('Cygames, Inc.', 38, 84.10526315789474, 4972342);
INSERT INTO `top_developers_by_goodcount` VALUES ('Creative Assembly', 12, 80.91666666666667, 4937076);
INSERT INTO `top_developers_by_goodcount` VALUES ('Codemasters', 47, 68.40425531914893, 4933287);
INSERT INTO `top_developers_by_goodcount` VALUES ('Łukasz Jakowski', 2, 88, 4921855);
INSERT INTO `top_developers_by_goodcount` VALUES ('Telltale', 11, 85.36363636363636, 4909594);
INSERT INTO `top_developers_by_goodcount` VALUES ('Future Cat LLC', 2, 98, 4891670);
INSERT INTO `top_developers_by_goodcount` VALUES ('91Act', 6, 96, 4879124);
INSERT INTO `top_developers_by_goodcount` VALUES ('FakeFish', 1, 94, 4853690);
INSERT INTO `top_developers_by_goodcount` VALUES ('IRONMACE', 3, 57, 4840540);
INSERT INTO `top_developers_by_goodcount` VALUES ('Team Bondi', 2, 85, 4806750);
INSERT INTO `top_developers_by_goodcount` VALUES ('TT Games', 45, 76.28888888888889, 4743171);
INSERT INTO `top_developers_by_goodcount` VALUES ('Humble North', 5, 91, 4739638);
INSERT INTO `top_developers_by_goodcount` VALUES ('Ubisoft Montreal, Red Storm, Shanghai, Toronto, Kiev', 4, 52, 4738592);
INSERT INTO `top_developers_by_goodcount` VALUES ('FireFly Studios', 24, 76.375, 4729202);
INSERT INTO `top_developers_by_goodcount` VALUES ('Mimimi Games', 17, 89.11764705882354, 4680764);
INSERT INTO `top_developers_by_goodcount` VALUES ('WSS playground', 8, 84.75, 4622111);
INSERT INTO `top_developers_by_goodcount` VALUES ('8Floor', 6, 70.5, 4618278);
INSERT INTO `top_developers_by_goodcount` VALUES ('PuffballsUnited', 1, 98, 4603648);
INSERT INTO `top_developers_by_goodcount` VALUES ('Four Quarters', 4, 92.25, 3364075);
INSERT INTO `top_developers_by_goodcount` VALUES ('Videocult', 6, 87.16666666666667, 3363494);
INSERT INTO `top_developers_by_goodcount` VALUES ('Catfood Studio', 1, 46, 3356896);
INSERT INTO `top_developers_by_goodcount` VALUES ('SMG Studio', 11, 83, 3316897);
INSERT INTO `top_developers_by_goodcount` VALUES ('MOBITECH LLC', 2, 65, 3311880);
INSERT INTO `top_developers_by_goodcount` VALUES ('Milestone S.r.l.', 97, 83.0721649484536, 3309609);
INSERT INTO `top_developers_by_goodcount` VALUES ('Kyle Seeley', 2, 90, 3301744);
INSERT INTO `top_developers_by_goodcount` VALUES ('Milkstone Studios', 20, 91.35, 3301358);
INSERT INTO `top_developers_by_goodcount` VALUES ('inXile Entertainment', 13, 71, 3297879);
INSERT INTO `top_developers_by_goodcount` VALUES ('Image & Form Games', 12, 94.08333333333333, 3297149);
INSERT INTO `top_developers_by_goodcount` VALUES ('DDNet Team', 1, 89, 3274577);
INSERT INTO `top_developers_by_goodcount` VALUES ('IronOak Games', 5, 70.8, 3271158);
INSERT INTO `top_developers_by_goodcount` VALUES ('Nihon Falcom', 32, 88.21875, 3268042);
INSERT INTO `top_developers_by_goodcount` VALUES ('Valko Game Studios', 4, 88.75, 3253150);
INSERT INTO `top_developers_by_goodcount` VALUES ('GSQ Games', 4, 90.25, 3250727);
INSERT INTO `top_developers_by_goodcount` VALUES ('BadMudStudio', 4, 89.75, 3235957);
INSERT INTO `top_developers_by_goodcount` VALUES ('Noble Muffins', 5, 78.2, 3225510);
INSERT INTO `top_developers_by_goodcount` VALUES ('Siege Camp', 1, 83, 3223554);
INSERT INTO `top_developers_by_goodcount` VALUES ('Travellin Cats', 10, 97.6, 3196561);
INSERT INTO `top_developers_by_goodcount` VALUES ('Starbreeze Studios AB', 1, 94, 3153794);
INSERT INTO `top_developers_by_goodcount` VALUES ('Two Point Studios', 16, 72.9375, 3134969);
INSERT INTO `top_developers_by_goodcount` VALUES ('Raven Software', 10, 71.7, 3133413);
INSERT INTO `top_developers_by_goodcount` VALUES ('Beam Team Games', 1, 75, 3129975);
INSERT INTO `top_developers_by_goodcount` VALUES ('Sokpop Collective', 65, 73.50769230769231, 3124040);
INSERT INTO `top_developers_by_goodcount` VALUES ('Dinosaur Polo Club', 2, 95.5, 3086938);
INSERT INTO `top_developers_by_goodcount` VALUES ('Meta Fork', 1, 84, 3086160);
INSERT INTO `top_developers_by_goodcount` VALUES ('Realmforge Studios', 19, 68.73684210526316, 3078612);
INSERT INTO `top_developers_by_goodcount` VALUES ('Sukeban Games', 1, 97, 3068983);
INSERT INTO `top_developers_by_goodcount` VALUES ('Nadeo', 8, 75.75, 3064935);
INSERT INTO `top_developers_by_goodcount` VALUES ('Team Wood Games', 1, 90, 3064770);
INSERT INTO `top_developers_by_goodcount` VALUES ('Sandfall Interactive', 2, 95.5, 3064511);
INSERT INTO `top_developers_by_goodcount` VALUES ('Flashbulb', 11, 86.81818181818181, 3054358);
INSERT INTO `top_developers_by_goodcount` VALUES ('MrFatcat', 1, 82, 3051466);
INSERT INTO `top_developers_by_goodcount` VALUES ('Sad Panda Studios', 4, 94, 3048526);
INSERT INTO `top_developers_by_goodcount` VALUES ('Bossa Studios', 10, 73.2, 3048291);
INSERT INTO `top_developers_by_goodcount` VALUES ('Team Fractal Alligator', 5, 94.2, 3045219);
INSERT INTO `top_developers_by_goodcount` VALUES ('Funday Games', 3, 83.66666666666667, 3040398);
INSERT INTO `top_developers_by_goodcount` VALUES ('Darkflow Software', 1, 78, 3008460);
INSERT INTO `top_developers_by_goodcount` VALUES ('Machine Games', 8, 51.125, 3003479);
INSERT INTO `top_developers_by_goodcount` VALUES ('Two Star Games', 6, 90.66666666666667, 3001520);
INSERT INTO `top_developers_by_goodcount` VALUES ('SUPERHOT Team', 2, 87, 2999306);
INSERT INTO `top_developers_by_goodcount` VALUES ('Brace Yourself Games', 18, 82.83333333333333, 2966345);
INSERT INTO `top_developers_by_goodcount` VALUES ('Dead Mage', 7, 70.57142857142857, 2958103);
INSERT INTO `top_developers_by_goodcount` VALUES ('Nabi Studios', 3, 70.66666666666667, 2948336);
INSERT INTO `top_developers_by_goodcount` VALUES ('KovaaK Games', 2, 93, 2942506);
INSERT INTO `top_developers_by_goodcount` VALUES ('Doborog Games', 2, 93.5, 2921471);
INSERT INTO `top_developers_by_goodcount` VALUES ('thatgamecompany', 1, 94, 2919452);
INSERT INTO `top_developers_by_goodcount` VALUES ('Witch Beam', 3, 94.33333333333333, 2910399);
INSERT INTO `top_developers_by_goodcount` VALUES ('Doctor Shinobi', 4, 98.5, 2910096);
INSERT INTO `top_developers_by_goodcount` VALUES ('Sven Co-op team', 1, 93, 2905692);
INSERT INTO `top_developers_by_goodcount` VALUES ('Dojin Otome', 4, 85.75, 2903923);
INSERT INTO `top_developers_by_goodcount` VALUES ('The Sims Studio', 20, 73, 2894774);
INSERT INTO `top_developers_by_goodcount` VALUES ('Robot Entertainment', 13, 80.84615384615384, 2890491);
INSERT INTO `top_developers_by_goodcount` VALUES ('Sonic Team', 15, 76.46666666666667, 2878021);
INSERT INTO `top_developers_by_goodcount` VALUES ('Supermassive Games', 8, 65.875, 2845213);
INSERT INTO `top_developers_by_goodcount` VALUES ('艺龙游戏', 16, 90.5, 2832950);
INSERT INTO `top_developers_by_goodcount` VALUES ('Ubisoft Entertainment', 3, 72, 2824302);
INSERT INTO `top_developers_by_goodcount` VALUES ('Cyanide Studio', 29, 65.3103448275862, 2810666);
INSERT INTO `top_developers_by_goodcount` VALUES ('Visceral Games', 5, 66.8, 2809086);
INSERT INTO `top_developers_by_goodcount` VALUES ('Swan', 2, 91, 2807805);
INSERT INTO `top_developers_by_goodcount` VALUES ('1939 Games', 4, 57.5, 2793276);
INSERT INTO `top_developers_by_goodcount` VALUES ('Frogwares', 30, 68.86666666666666, 2782287);
INSERT INTO `top_developers_by_goodcount` VALUES ('Visual Concepts', 17, 53.1764705882353, 2774714);
INSERT INTO `top_developers_by_goodcount` VALUES ('Chromatic Games', 15, 80.93333333333334, 2772576);
INSERT INTO `top_developers_by_goodcount` VALUES ('GIBBING TREE, LLC', 3, 97.33333333333333, 2771109);
INSERT INTO `top_developers_by_goodcount` VALUES ('Ink Stains Games', 4, 80.75, 2767172);
INSERT INTO `top_developers_by_goodcount` VALUES ('Teyon', 8, 83, 2757229);
INSERT INTO `top_developers_by_goodcount` VALUES ('ustwo games', 6, 95.5, 2756850);
INSERT INTO `top_developers_by_goodcount` VALUES ('Jutsu Games', 16, 82.875, 2750959);
INSERT INTO `top_developers_by_goodcount` VALUES ('Bugbear', 11, 83.27272727272727, 2723125);
INSERT INTO `top_developers_by_goodcount` VALUES ('Mechanistry', 1, 95, 2721275);
INSERT INTO `top_developers_by_goodcount` VALUES ('Urban Games', 3, 90.33333333333333, 2714979);
INSERT INTO `top_developers_by_goodcount` VALUES ('LucasArts', 9, 81.22222222222223, 2710470);
INSERT INTO `top_developers_by_goodcount` VALUES ('Eremite Games', 3, 91.66666666666667, 2704163);
INSERT INTO `top_developers_by_goodcount` VALUES ('kChamp Games', 3, 91, 2703195);
INSERT INTO `top_developers_by_goodcount` VALUES ('二色幽紫蝶', 17, 94.23529411764706, 2703035);
INSERT INTO `top_developers_by_goodcount` VALUES ('Bad Guitar Studio', 1, 73, 2674355);
INSERT INTO `top_developers_by_goodcount` VALUES ('Dynamic Pixels', 6, 90.66666666666667, 2658306);
INSERT INTO `top_developers_by_goodcount` VALUES ('SureAI', 6, 84.33333333333333, 2656699);
INSERT INTO `top_developers_by_goodcount` VALUES ('Ember Lab', 3, 89.66666666666667, 2646369);
INSERT INTO `top_developers_by_goodcount` VALUES ('ArtPlay', 7, 77.42857142857143, 2643259);
INSERT INTO `top_developers_by_goodcount` VALUES ('Daedalic Entertainment', 21, 81.66666666666667, 2639287);
INSERT INTO `top_developers_by_goodcount` VALUES ('Bad Pixel', 8, 73.875, 2630623);
INSERT INTO `top_developers_by_goodcount` VALUES ('TECOPARK', 6, 77.33333333333333, 2626302);
INSERT INTO `top_developers_by_goodcount` VALUES ('Mundfish', 8, 72, 2626031);
INSERT INTO `top_developers_by_goodcount` VALUES ('Kit9 Studio', 1, 96, 2608800);
INSERT INTO `top_developers_by_goodcount` VALUES ('Team Meat', 3, 62.666666666666664, 2579044);
INSERT INTO `top_developers_by_goodcount` VALUES ('拾英工作室', 3, 97.33333333333333, 2573142);
INSERT INTO `top_developers_by_goodcount` VALUES ('Frontwing', 22, 93.95454545454545, 2571999);
INSERT INTO `top_developers_by_goodcount` VALUES ('KOJIMA PRODUCTIONS', 2, 89, 2569492);
INSERT INTO `top_developers_by_goodcount` VALUES ('ROCKFISH Games', 8, 84.25, 2568358);
INSERT INTO `top_developers_by_goodcount` VALUES ('South East Games', 3, 72.66666666666667, 2561194);
INSERT INTO `top_developers_by_goodcount` VALUES ('Killmonday Games AB', 6, 89.16666666666667, 2544767);
INSERT INTO `top_developers_by_goodcount` VALUES ('PiBoSo', 3, 91.66666666666667, 2532755);
INSERT INTO `top_developers_by_goodcount` VALUES ('NeocoreGames', 22, 68.31818181818181, 2526595);
INSERT INTO `top_developers_by_goodcount` VALUES ('Cheesecake Dev', 7, 72.85714285714286, 2513990);
INSERT INTO `top_developers_by_goodcount` VALUES ('Second Face Software', 2, 98, 2513140);
INSERT INTO `top_developers_by_goodcount` VALUES ('Bay 12 Games', 1, 95, 2510090);
INSERT INTO `top_developers_by_goodcount` VALUES ('Triumph Studios', 21, 81.76190476190476, 2505398);
INSERT INTO `top_developers_by_goodcount` VALUES ('Acureus', 2, 74.5, 2504788);

-- ----------------------------
-- Table structure for top_developers_by_sales
-- ----------------------------
DROP TABLE IF EXISTS `top_developers_by_sales`;
CREATE TABLE `top_developers_by_sales`  (
  `developer` varchar(255) CHARACTER SET utf8mb4 COLLATE utf8mb4_unicode_ci NULL DEFAULT NULL,
  `game_count` bigint(20) NULL DEFAULT NULL,
  `avg_good_rate` double NULL DEFAULT NULL,
  `total_sales` double NULL DEFAULT NULL
) ENGINE = InnoDB CHARACTER SET = utf8mb4 COLLATE = utf8mb4_unicode_ci ROW_FORMAT = Dynamic;

-- ----------------------------
-- Records of top_developers_by_sales
-- ----------------------------
INSERT INTO `top_developers_by_sales` VALUES ('FromSoftware, Inc.', 14, 82.92857142857143, 12492489510);
INSERT INTO `top_developers_by_sales` VALUES ('CD PROJEKT RED', 23, 88.08695652173913, 10399041690);
INSERT INTO `top_developers_by_sales` VALUES ('CAPCOM Co., Ltd.', 352, 82.35511363636364, 7821255364.199999);
INSERT INTO `top_developers_by_sales` VALUES ('Ubisoft Montreal', 63, 69.44444444444444, 7349737710);
INSERT INTO `top_developers_by_sales` VALUES ('Game Science', 3, 88.66666666666667, 6691016640);
INSERT INTO `top_developers_by_sales` VALUES ('Rockstar Games', 9, 77.88888888888889, 6294314850);
INSERT INTO `top_developers_by_sales` VALUES ('Facepunch Studios', 6, 89, 5270612160);
INSERT INTO `top_developers_by_sales` VALUES ('DICE', 25, 62.56, 4674230580);
INSERT INTO `top_developers_by_sales` VALUES ('Arrowhead Game Studios', 23, 78.65217391304348, 4429637640);
INSERT INTO `top_developers_by_sales` VALUES ('Bohemia Interactive', 35, 70.68571428571428, 3502236048);
INSERT INTO `top_developers_by_sales` VALUES ('Firaxis Games', 64, 67, 3437507633.4);
INSERT INTO `top_developers_by_sales` VALUES ('CREATIVE ASSEMBLY', 114, 66.54385964912281, 3264013200);
INSERT INTO `top_developers_by_sales` VALUES ('Amazon Games', 2, 68.5, 3170517596.4);
INSERT INTO `top_developers_by_sales` VALUES ('Square Enix', 107, 73.30841121495327, 3065549226.6);
INSERT INTO `top_developers_by_sales` VALUES ('Valve', 31, 88.12903225806451, 2829385740);
INSERT INTO `top_developers_by_sales` VALUES ('Avalanche Software', 8, 78.875, 2664911040);
INSERT INTO `top_developers_by_sales` VALUES ('Bethesda Game Studios', 43, 65, 2646529800);
INSERT INTO `top_developers_by_sales` VALUES ('Paradox Development Studio', 162, 60.53703703703704, 2243982151.2);
INSERT INTO `top_developers_by_sales` VALUES ('SCS Software', 126, 86.37301587301587, 2186274990);
INSERT INTO `top_developers_by_sales` VALUES ('Treyarch', 19, 79.10526315789474, 2102804040);
INSERT INTO `top_developers_by_sales` VALUES ('TaleWorlds Entertainment', 7, 89.57142857142857, 1942174620);
INSERT INTO `top_developers_by_sales` VALUES ('Respawn Entertainment', 6, 82.83333333333333, 1888477470);
INSERT INTO `top_developers_by_sales` VALUES ('Endnight Games Ltd', 2, 91, 1839871080);
INSERT INTO `top_developers_by_sales` VALUES ('Rare Ltd', 4, 97.25, 1814361120);
INSERT INTO `top_developers_by_sales` VALUES ('Unknown Worlds Entertainment', 8, 89.125, 1656779250);
INSERT INTO `top_developers_by_sales` VALUES ('Behaviour Interactive Inc.', 30, 75, 1645970620.5);
INSERT INTO `top_developers_by_sales` VALUES ('Hazelight Studios', 3, 92.66666666666667, 1618001760);
INSERT INTO `top_developers_by_sales` VALUES ('Ubisoft Quebec', 4, 71.75, 1587306330);
INSERT INTO `top_developers_by_sales` VALUES ('Playground Games', 42, 64.30952380952381, 1530990840);
INSERT INTO `top_developers_by_sales` VALUES ('Larian Studios', 9, 89.66666666666667, 1496280019.2);
INSERT INTO `top_developers_by_sales` VALUES ('KOEI TECMO GAMES CO., LTD.', 219, 73.1917808219178, 1491173520);
INSERT INTO `top_developers_by_sales` VALUES ('Insomniac Games', 6, 84.33333333333333, 1476417780);
INSERT INTO `top_developers_by_sales` VALUES ('Studio Wildcard', 32, 63.625, 1472967600.8999999);
INSERT INTO `top_developers_by_sales` VALUES ('ATLUS', 38, 67.1842105263158, 1440436890);
INSERT INTO `top_developers_by_sales` VALUES ('Kinetic Games', 1, 96, 1421919720);
INSERT INTO `top_developers_by_sales` VALUES ('Hello Games', 5, 81.6, 1413744780);
INSERT INTO `top_developers_by_sales` VALUES ('Re-Logic', 2, 95, 1406853480);
INSERT INTO `top_developers_by_sales` VALUES ('Santa Monica Studio', 7, 77.14285714285714, 1376659830);
INSERT INTO `top_developers_by_sales` VALUES ('Ubisoft', 43, 67.25581395348837, 1370010510);
INSERT INTO `top_developers_by_sales` VALUES ('Gearbox Software', 50, 56.5, 1295283966);
INSERT INTO `top_developers_by_sales` VALUES ('Techland', 54, 80.29629629629629, 1288743213.3);
INSERT INTO `top_developers_by_sales` VALUES ('World\'s Edge', 27, 73.11111111111111, 1216956540);
INSERT INTO `top_developers_by_sales` VALUES ('BioWare', 18, 66.16666666666667, 1183041420);
INSERT INTO `top_developers_by_sales` VALUES ('Colossal Order Ltd.', 42, 64.69047619047619, 1162960005.6);
INSERT INTO `top_developers_by_sales` VALUES ('Supergiant Games', 13, 94.92307692307692, 1158070920);
INSERT INTO `top_developers_by_sales` VALUES ('Guerrilla', 2, 88, 1152921690);
INSERT INTO `top_developers_by_sales` VALUES ('The Fun Pimps', 2, 90, 1147526520);
INSERT INTO `top_developers_by_sales` VALUES ('Saber Interactive', 60, 65.03333333333333, 1140200598);
INSERT INTO `top_developers_by_sales` VALUES ('Ghost Games', 7, 78.71428571428571, 1138990020);
INSERT INTO `top_developers_by_sales` VALUES ('Pocketpair', 6, 78.66666666666667, 1083148704);
INSERT INTO `top_developers_by_sales` VALUES ('ConcernedApe', 1, 98, 1079726400);
INSERT INTO `top_developers_by_sales` VALUES ('Obsidian Entertainment', 40, 79.3, 1029034894.5000001);
INSERT INTO `top_developers_by_sales` VALUES ('id Software', 22, 79, 990123360);
INSERT INTO `top_developers_by_sales` VALUES ('4A Games', 4, 87, 950560980);
INSERT INTO `top_developers_by_sales` VALUES ('Turtle Rock Studios', 8, 62, 926110260);
INSERT INTO `top_developers_by_sales` VALUES ('Offworld', 8, 77.75, 923898720);
INSERT INTO `top_developers_by_sales` VALUES ('Warhorse Studios', 15, 75, 910177860);
INSERT INTO `top_developers_by_sales` VALUES ('Team17', 12, 69, 894721317);
INSERT INTO `top_developers_by_sales` VALUES ('Iron Gate AB', 2, 92, 888546660);
INSERT INTO `top_developers_by_sales` VALUES ('Ubisoft Paris', 11, 64.18181818181819, 886543320);
INSERT INTO `top_developers_by_sales` VALUES ('VOID Interactive', 4, 74, 875831040);
INSERT INTO `top_developers_by_sales` VALUES ('Naughty Dog LLC', 3, 85.66666666666667, 873854640);
INSERT INTO `top_developers_by_sales` VALUES ('Crytek', 68, 74.32352941176471, 871996620);
INSERT INTO `top_developers_by_sales` VALUES ('Coffee Stain Studios', 11, 85.45454545454545, 861963600);
INSERT INTO `top_developers_by_sales` VALUES ('Fatshark', 46, 63.32608695652174, 853288306.8000002);
INSERT INTO `top_developers_by_sales` VALUES ('Crystal Dynamics', 33, 70.0909090909091, 841755840);
INSERT INTO `top_developers_by_sales` VALUES ('Infinity Ward', 24, 72.29166666666667, 809814120);
INSERT INTO `top_developers_by_sales` VALUES ('EA Canada', 2, 53, 796164240);
INSERT INTO `top_developers_by_sales` VALUES ('CyberConnect2 Co. Ltd.', 34, 69.61764705882354, 760107840);
INSERT INTO `top_developers_by_sales` VALUES ('GSC Game World', 13, 76.92307692307692, 756794100);
INSERT INTO `top_developers_by_sales` VALUES ('Ryu Ga Gotoku Studio', 37, 67.16216216216216, 755243046);
INSERT INTO `top_developers_by_sales` VALUES ('QLOC', 18, 76.44444444444444, 745824990);
INSERT INTO `top_developers_by_sales` VALUES ('Ghost Ship Games', 14, 95.85714285714286, 741652140);
INSERT INTO `top_developers_by_sales` VALUES ('Capcom', 51, 73.80392156862744, 731709925.1999999);
INSERT INTO `top_developers_by_sales` VALUES ('Spike Chunsoft Co., Ltd.', 45, 75.46666666666667, 710970720);
INSERT INTO `top_developers_by_sales` VALUES ('Wube Software LTD.', 4, 95.75, 684021360);
INSERT INTO `top_developers_by_sales` VALUES ('Eidos-Montréal', 19, 69.89473684210526, 678732086.4);
INSERT INTO `top_developers_by_sales` VALUES ('Avalanche Studios', 36, 74.44444444444444, 675107851.2);
INSERT INTO `top_developers_by_sales` VALUES ('Rockstar North', 4, 72, 662840520);
INSERT INTO `top_developers_by_sales` VALUES ('Asobo Studio', 5, 81.2, 655635450);
INSERT INTO `top_developers_by_sales` VALUES ('Rocksteady Studios', 23, 74.3913043478261, 648891420);
INSERT INTO `top_developers_by_sales` VALUES ('The Indie Stone', 1, 94, 643468440);
INSERT INTO `top_developers_by_sales` VALUES ('Team Cherry', 3, 93.66666666666667, 638761800);
INSERT INTO `top_developers_by_sales` VALUES ('Sledgehammer Games', 45, 54.91111111111111, 628436409.6);
INSERT INTO `top_developers_by_sales` VALUES ('Ludeon Studios', 9, 89.33333333333333, 625887630);
INSERT INTO `top_developers_by_sales` VALUES ('Giants Software', 50, 72.32, 619719370.8);
INSERT INTO `top_developers_by_sales` VALUES ('BANDAI NAMCO Studios Inc.', 47, 75.36170212765957, 608419923.6);
INSERT INTO `top_developers_by_sales` VALUES ('Quantic Dream', 4, 82.75, 600627540);
INSERT INTO `top_developers_by_sales` VALUES ('Redbeet Interactive', 1, 93, 598876680);
INSERT INTO `top_developers_by_sales` VALUES ('BeamNG', 1, 97, 597897480);
INSERT INTO `top_developers_by_sales` VALUES ('OVERKILL - a Starbreeze Studio.', 71, 76.7605633802817, 595803240);
INSERT INTO `top_developers_by_sales` VALUES ('Red Barrels', 7, 96.14285714285714, 584927160);
INSERT INTO `top_developers_by_sales` VALUES ('Bandai Namco Studios Inc.', 9, 53.333333333333336, 579227760);
INSERT INTO `top_developers_by_sales` VALUES ('Moon Studios GmbH', 5, 91, 568891530);
INSERT INTO `top_developers_by_sales` VALUES ('Nicalis, Inc.', 11, 79.72727272727273, 549253320);
INSERT INTO `top_developers_by_sales` VALUES ('Klei Entertainment', 32, 92.03125, 548619210);
INSERT INTO `top_developers_by_sales` VALUES ('Arkane Studios', 14, 74.21428571428571, 544972560);
INSERT INTO `top_developers_by_sales` VALUES ('New World Interactive', 38, 68.02631578947368, 536724030);
INSERT INTO `top_developers_by_sales` VALUES ('Respawn', 4, 55.25, 535181640);
INSERT INTO `top_developers_by_sales` VALUES ('Gunfire Games', 13, 64.61538461538461, 530107200);

-- ----------------------------
-- Table structure for top1000_games_by_sales
-- ----------------------------
DROP TABLE IF EXISTS `top1000_games_by_sales`;
CREATE TABLE `top1000_games_by_sales`  (
  `title` varchar(255) CHARACTER SET utf8mb4 COLLATE utf8mb4_unicode_ci NULL DEFAULT NULL,
  `original_price` double NULL DEFAULT NULL,
  `review_count` double NULL DEFAULT NULL,
  `sales` double NULL DEFAULT NULL
) ENGINE = InnoDB CHARACTER SET = utf8mb4 COLLATE = utf8mb4_unicode_ci ROW_FORMAT = Dynamic;

-- ----------------------------
-- Records of top1000_games_by_sales
-- ----------------------------
INSERT INTO `top1000_games_by_sales` VALUES ('艾尔登法环', 298, 761001, 6803348940);
INSERT INTO `top1000_games_by_sales` VALUES ('黑神话：悟空', 268, 832216, 6691016640);
INSERT INTO `top1000_games_by_sales` VALUES ('赛博朋克 2077', 298, 741948, 6633015120);
INSERT INTO `top1000_games_by_sales` VALUES ('Red Dead Redemption 2', 279, 664122, 5558701140);
INSERT INTO `top1000_games_by_sales` VALUES ('HELLDIVERS™ 2', 198, 724152, 4301462880);
INSERT INTO `top1000_games_by_sales` VALUES ('Rust', 138, 1012460, 4191584400);
INSERT INTO `top1000_games_by_sales` VALUES ('Tom Clancy\'s Rainbow Six® Siege', 98, 1183659, 3479957460);
INSERT INTO `top1000_games_by_sales` VALUES ('巫师 3：狂猎', 149, 757362, 3385408140);
INSERT INTO `top1000_games_by_sales` VALUES ('New World: Aeternum', 430.99, 245212, 3170517596.4);
INSERT INTO `top1000_games_by_sales` VALUES ('霍格沃茨之遗', 384, 230292, 2652963840);
INSERT INTO `top1000_games_by_sales` VALUES ('DayZ', 239, 354253, 2539994010);
INSERT INTO `top1000_games_by_sales` VALUES ('DARK SOULS™ III', 268, 260324, 2093004960);
INSERT INTO `top1000_games_by_sales` VALUES ('Sekiro™: Shadows Die Twice - GOTY Edition', 268, 233103, 1874148120);
INSERT INTO `top1000_games_by_sales` VALUES ('Sea of Thieves: 2025 Edition', 198, 305448, 1814361120);
INSERT INTO `top1000_games_by_sales` VALUES ('《战地风云™ 2042》', 248, 232253, 1727962320);
INSERT INTO `top1000_games_by_sales` VALUES ('Euro Truck Simulator 2', 88, 653242, 1724558880);
INSERT INTO `top1000_games_by_sales` VALUES ('Sid Meier’s Civilization® VI', 220, 253048, 1670116800);
INSERT INTO `top1000_games_by_sales` VALUES ('黎明杀机', 93.75, 575715, 1619198437.5);
INSERT INTO `top1000_games_by_sales` VALUES ('Mount & Blade II: Bannerlord', 248, 204223, 1519419120);
INSERT INTO `top1000_games_by_sales` VALUES ('极限竞速：地平线 5', 248, 203916, 1517135040);
INSERT INTO `top1000_games_by_sales` VALUES ('《战地风云 5》', 228, 216607, 1481591880);
INSERT INTO `top1000_games_by_sales` VALUES ('Monster Hunter Wilds', 368, 128902, 1423078080);
INSERT INTO `top1000_games_by_sales` VALUES ('Phasmophobia', 76, 623649, 1421919720);
INSERT INTO `top1000_games_by_sales` VALUES ('Call of Duty®: Black Ops III', 338, 139741, 1416973740);
INSERT INTO `top1000_games_by_sales` VALUES ('Far Cry® 5', 298, 157923, 1411831620);
INSERT INTO `top1000_games_by_sales` VALUES ('Terraria', 42, 1116278, 1406510280);
INSERT INTO `top1000_games_by_sales` VALUES ('No Man\'s Sky 无人深空', 175, 265150, 1392037500);
INSERT INTO `top1000_games_by_sales` VALUES ('Assassin\'s Creed® Odyssey', 298, 155567, 1390768980);
INSERT INTO `top1000_games_by_sales` VALUES ('Monster Hunter: World', 148, 295849, 1313569560);
INSERT INTO `top1000_games_by_sales` VALUES ('深海迷航', 149, 281108, 1256552760);
INSERT INTO `top1000_games_by_sales` VALUES ('7 Days to Die', 152, 251629, 1147428240);
INSERT INTO `top1000_games_by_sales` VALUES ('God of War', 345, 110199, 1140559650);
INSERT INTO `top1000_games_by_sales` VALUES ('The Forest', 70, 531444, 1116032400);
INSERT INTO `top1000_games_by_sales` VALUES ('Stardew Valley', 48, 749810, 1079726400);
INSERT INTO `top1000_games_by_sales` VALUES ('Garry\'s Mod', 36, 993727, 1073225160);
INSERT INTO `top1000_games_by_sales` VALUES ('Titanfall® 2', 158, 225027, 1066627980);
INSERT INTO `top1000_games_by_sales` VALUES ('双人成行', 198, 179533, 1066426020);
INSERT INTO `top1000_games_by_sales` VALUES ('Palworld / 幻兽帕鲁', 108, 319589, 1035468360);
INSERT INTO `top1000_games_by_sales` VALUES ('Marvel’s Spider-Man Remastered', 414, 79065, 981987300);
INSERT INTO `top1000_games_by_sales` VALUES ('Battlefield™ 1', 198, 165046, 980373240);
INSERT INTO `top1000_games_by_sales` VALUES ('Horizon Zero Dawn™ Complete Edition', 345, 93463, 967342050);
INSERT INTO `top1000_games_by_sales` VALUES ('ARK: Survival Evolved', 58, 546077, 950173980);
INSERT INTO `top1000_games_by_sales` VALUES ('《Need for Speed™ Heat', 288, 107845, 931780800);
INSERT INTO `top1000_games_by_sales` VALUES ('Assassin\'s Creed® Origins', 298, 104161, 931199340);
INSERT INTO `top1000_games_by_sales` VALUES ('The Elder Scrolls V: Skyrim Special Edition', 165, 187384, 927550800);
INSERT INTO `top1000_games_by_sales` VALUES ('Left 4 Dead 2', 42, 728624, 918066240);
INSERT INTO `top1000_games_by_sales` VALUES ('Valheim: 英灵神殿', 70, 423085, 888478500);
INSERT INTO `top1000_games_by_sales` VALUES ('Warhammer 40,000: 星际战士2', 249, 116829, 872712630);
INSERT INTO `top1000_games_by_sales` VALUES ('Ready or Not', 159, 182770, 871812900);
INSERT INTO `top1000_games_by_sales` VALUES ('DOOM Eternal', 165, 173547, 859057650);
INSERT INTO `top1000_games_by_sales` VALUES ('Cities: Skylines', 138, 205658, 851424120);
INSERT INTO `top1000_games_by_sales` VALUES ('NieR:Automata™', 274, 103251, 848723220);
INSERT INTO `top1000_games_by_sales` VALUES ('《星球大战 绝地：陨落的武士团™》', 198, 136004, 807863760);
INSERT INTO `top1000_games_by_sales` VALUES ('Age of Empires II: Definitive Edition', 188, 141047, 795505080);
INSERT INTO `top1000_games_by_sales` VALUES ('幸福工厂', 136, 194365, 793009200);
INSERT INTO `top1000_games_by_sales` VALUES ('Squad', 168, 154380, 778075200);
INSERT INTO `top1000_games_by_sales` VALUES ('Arma 3', 119, 215082, 767842740);
INSERT INTO `top1000_games_by_sales` VALUES ('人间地狱', 279, 90033, 753576210);
INSERT INTO `top1000_games_by_sales` VALUES ('全面战争：战锤3', 298, 83057, 742529580);
INSERT INTO `top1000_games_by_sales` VALUES ('猎杀：对决 1896', 128, 191799, 736508160);
INSERT INTO `top1000_games_by_sales` VALUES ('Dying Light', 73, 336161, 736192590);
INSERT INTO `top1000_games_by_sales` VALUES ('深岩银河', 90, 271718, 733638600);
INSERT INTO `top1000_games_by_sales` VALUES ('Dragon\'s Dogma 2', 348, 69905, 729808200);
INSERT INTO `top1000_games_by_sales` VALUES ('Sons Of The Forest', 108, 223407, 723838680);
INSERT INTO `top1000_games_by_sales` VALUES ('Hades', 92, 257639, 711083640);
INSERT INTO `top1000_games_by_sales` VALUES ('Resident Evil 2', 198, 117230, 696346200);
INSERT INTO `top1000_games_by_sales` VALUES ('Resident Evil 4', 198, 115339, 685113660);
INSERT INTO `top1000_games_by_sales` VALUES ('潜行者2：切尔诺贝利之心', 268, 85142, 684541680);
INSERT INTO `top1000_games_by_sales` VALUES ('无主之地3', 199, 114598, 684150060);
INSERT INTO `top1000_games_by_sales` VALUES ('Watch_Dogs® 2', 298, 75987, 679323780);
INSERT INTO `top1000_games_by_sales` VALUES ('全面战争：战锤2', 268, 84147, 676541880);
INSERT INTO `top1000_games_by_sales` VALUES ('Factorio', 130, 170132, 663514800);
INSERT INTO `top1000_games_by_sales` VALUES ('Divinity: Original Sin 2 - Definitive Edition', 133, 165566, 660608340);
INSERT INTO `top1000_games_by_sales` VALUES ('Divinity: Original Sin 2 - Definitive Edition', 133, 165566, 660608340);
INSERT INTO `top1000_games_by_sales` VALUES ('Fallout 4', 83, 260754, 649277460);
INSERT INTO `top1000_games_by_sales` VALUES ('Project Zomboid', 76, 282223, 643468440);
INSERT INTO `top1000_games_by_sales` VALUES ('Hollow Knight', 58, 366590, 637866600);
INSERT INTO `top1000_games_by_sales` VALUES ('Stellaris', 168, 125416, 632096640);
INSERT INTO `top1000_games_by_sales` VALUES ('Tom Clancy\'s Ghost Recon® Wildlands', 248, 82009, 610146960);
INSERT INTO `top1000_games_by_sales` VALUES ('RimWorld', 113, 176751, 599185890);
INSERT INTO `top1000_games_by_sales` VALUES ('Raft', 68, 293567, 598876680);
INSERT INTO `top1000_games_by_sales` VALUES ('车祸模拟器 - BeamNG.drive', 68, 293087, 597897480);
INSERT INTO `top1000_games_by_sales` VALUES ('Europa Universalis IV', 218, 88975, 581896500);
INSERT INTO `top1000_games_by_sales` VALUES ('Microsoft Flight Simulator 40th Anniversary Edition', 298, 62559, 559277460);
INSERT INTO `top1000_games_by_sales` VALUES ('The Last of Us™ Part I', 414, 44457, 552155940);
INSERT INTO `top1000_games_by_sales` VALUES ('PAYDAY 2', 42, 435340, 548528400);
INSERT INTO `top1000_games_by_sales` VALUES ('底特律：化身为人', 128, 142352, 546631680);
INSERT INTO `top1000_games_by_sales` VALUES ('女神异闻录5皇家版', 268, 67211, 540376440);
INSERT INTO `top1000_games_by_sales` VALUES ('机战佣兵™VI 境界天火™', 298, 60263, 538751220);
INSERT INTO `top1000_games_by_sales` VALUES ('星球大战 绝地：幸存者™', 298, 59726, 533950440);
INSERT INTO `top1000_games_by_sales` VALUES ('Half-Life: Alyx', 198, 84995, 504870300);
INSERT INTO `top1000_games_by_sales` VALUES ('战锤40K：暗潮', 188, 89408, 504261120);
INSERT INTO `top1000_games_by_sales` VALUES ('Ghost of Tsushima导演剪辑版', 398, 42229, 504214260);
INSERT INTO `top1000_games_by_sales` VALUES ('雨中冒险 2', 80, 210046, 504110400);
INSERT INTO `top1000_games_by_sales` VALUES ('方舟: 生存飞升', 248, 67709, 503754960);
INSERT INTO `top1000_games_by_sales` VALUES ('天国：拯救2', 228, 72668, 497049120);
INSERT INTO `top1000_games_by_sales` VALUES ('DARK SOULS™: REMASTERED', 198, 81539, 484341660);
INSERT INTO `top1000_games_by_sales` VALUES ('Rise of the Tomb Raider™', 147, 109524, 483000840);
INSERT INTO `top1000_games_by_sales` VALUES ('全面战争：三国', 268, 59528, 478605120);
INSERT INTO `top1000_games_by_sales` VALUES ('艾尔登法环 黄金树幽影', 198, 80454, 477896760);
INSERT INTO `top1000_games_by_sales` VALUES ('Resident Evil Village', 198, 80177, 476251380);
INSERT INTO `top1000_games_by_sales` VALUES ('Crusader Kings III', 198, 79252, 470756880);
INSERT INTO `top1000_games_by_sales` VALUES ('《EA SPORTS FC™ 25》', 248, 63043, 469039920);
INSERT INTO `top1000_games_by_sales` VALUES ('CODE VEIN', 368, 42398, 468073920);
INSERT INTO `top1000_games_by_sales` VALUES ('Metro Exodus', 148, 104370, 463402800);
INSERT INTO `top1000_games_by_sales` VALUES ('Among Us', 25, 615395, 461546250);
INSERT INTO `top1000_games_by_sales` VALUES ('喋血复仇', 298, 51454, 459998760);
INSERT INTO `top1000_games_by_sales` VALUES ('喋血复仇', 298, 51454, 459998760);
INSERT INTO `top1000_games_by_sales` VALUES ('人渣', 173.5, 88006, 458071230);
INSERT INTO `top1000_games_by_sales` VALUES ('Stray', 110, 138710, 457743000);
INSERT INTO `top1000_games_by_sales` VALUES ('Portal 2', 42, 358426, 451616760);
INSERT INTO `top1000_games_by_sales` VALUES ('Grand Theft Auto IV: The Complete Edition', 99, 151904, 451154880);
INSERT INTO `top1000_games_by_sales` VALUES ('消逝的光芒2: 重装上阵版', 103.8, 144800, 450907200);
INSERT INTO `top1000_games_by_sales` VALUES ('The Binding of Isaac: Rebirth', 48, 307918, 443401920);
INSERT INTO `top1000_games_by_sales` VALUES ('DARK SOULS™ II: Scholar of the First Sin', 198, 73246, 435081240);
INSERT INTO `top1000_games_by_sales` VALUES ('Devil May Cry 5', 148, 97915, 434742600);
INSERT INTO `top1000_games_by_sales` VALUES ('FOR HONOR™', 148, 95630, 424597200);
INSERT INTO `top1000_games_by_sales` VALUES ('XCOM® 2', 190, 73419, 418488300);
INSERT INTO `top1000_games_by_sales` VALUES ('XCOM® 2', 190, 73419, 418488300);
INSERT INTO `top1000_games_by_sales` VALUES ('MONSTER HUNTER RISE', 198, 70377, 418039380);
INSERT INTO `top1000_games_by_sales` VALUES ('Granblue Fantasy: Relink', 390, 35333, 413396100);
INSERT INTO `top1000_games_by_sales` VALUES ('Kingdom Come: Deliverance', 111, 122576, 408178080);
INSERT INTO `top1000_games_by_sales` VALUES ('Total War: ROME II - Emperor Edition', 268, 50026, 402209040);
INSERT INTO `top1000_games_by_sales` VALUES ('ULTRAKILL', 92, 145559, 401742840);
INSERT INTO `top1000_games_by_sales` VALUES ('七龙珠 电光炸裂！ZERO', 298, 44658, 399242520);
INSERT INTO `top1000_games_by_sales` VALUES ('Slay the Spire', 85, 156311, 398593050);
INSERT INTO `top1000_games_by_sales` VALUES ('深海迷航：冰点之下', 149, 88251, 394481970);
INSERT INTO `top1000_games_by_sales` VALUES ('鬼谷八荒', 68, 191879, 391433160);
INSERT INTO `top1000_games_by_sales` VALUES ('Middle-earth™: Shadow of War™', 163, 79969, 391048410);
INSERT INTO `top1000_games_by_sales` VALUES ('TEKKEN 7', 198, 65658, 390008520);
INSERT INTO `top1000_games_by_sales` VALUES ('Mount & Blade: Warband', 99, 130625, 387956250);
INSERT INTO `top1000_games_by_sales` VALUES ('Assassin’s Creed® IV Black Flag™', 198, 64459, 382886460);
INSERT INTO `top1000_games_by_sales` VALUES ('《质量效应》传奇版', 248, 51317, 381798480);
INSERT INTO `top1000_games_by_sales` VALUES ('Insurgency: Sandstorm', 129, 98147, 379828890);
INSERT INTO `top1000_games_by_sales` VALUES ('American Truck Simulator', 88, 143351, 378446640);
INSERT INTO `top1000_games_by_sales` VALUES ('Schedule I', 76, 165512, 377367360);
INSERT INTO `top1000_games_by_sales` VALUES ('Borderlands 2', 64, 195737, 375815040);
INSERT INTO `top1000_games_by_sales` VALUES ('Last Epoch', 128, 97607, 374810880);
INSERT INTO `top1000_games_by_sales` VALUES ('BattleBit Remastered', 99, 123926, 368060220);
INSERT INTO `top1000_games_by_sales` VALUES ('七龙珠Z 卡卡洛特', 298, 41013, 366656220);
INSERT INTO `top1000_games_by_sales` VALUES ('Shadow of the Tomb Raider: Definitive Edition', 194.04, 62422, 363370946.4);
INSERT INTO `top1000_games_by_sales` VALUES ('Resident Evil 3', 198, 61038, 362565720);
INSERT INTO `top1000_games_by_sales` VALUES ('Teardown', 119, 101101, 360930570);
INSERT INTO `top1000_games_by_sales` VALUES ('The Crew™ 2', 148, 80675, 358197000);
INSERT INTO `top1000_games_by_sales` VALUES ('ASTRONEER', 108, 109869, 355975560);
INSERT INTO `top1000_games_by_sales` VALUES ('Darkest Dungeon®', 92, 128894, 355747440);
INSERT INTO `top1000_games_by_sales` VALUES ('Sid Meier\'s Civilization® V', 95, 123625, 352331250);
INSERT INTO `top1000_games_by_sales` VALUES ('Disco Elysium - The Final Cut', 116, 100700, 350436000);
INSERT INTO `top1000_games_by_sales` VALUES ('Kerbal Space Program', 112, 102956, 345932160);
INSERT INTO `top1000_games_by_sales` VALUES ('Ori and the Will of the Wisps', 90, 126540, 341658000);
INSERT INTO `top1000_games_by_sales` VALUES ('Tomb Raider', 73, 154671, 338729490);
INSERT INTO `top1000_games_by_sales` VALUES ('Lies of P', 298, 37789, 337833660);
INSERT INTO `top1000_games_by_sales` VALUES ('Cuphead', 68, 163803, 334158120);
INSERT INTO `top1000_games_by_sales` VALUES ('《STAR WARS™ 前线™ II', 198, 56028, 332806320);
INSERT INTO `top1000_games_by_sales` VALUES ('龙腾世纪™: 影障守护者', 298, 36936, 330207840);
INSERT INTO `top1000_games_by_sales` VALUES ('SILENT HILL 2', 392, 27920, 328339200);
INSERT INTO `top1000_games_by_sales` VALUES ('死亡空间', 248, 44030, 327583200);
INSERT INTO `top1000_games_by_sales` VALUES ('Mortal Kombat 11', 138, 79058, 327300120);
INSERT INTO `top1000_games_by_sales` VALUES ('EA SPORTS FC™ 24', 118, 92408, 327124320);
INSERT INTO `top1000_games_by_sales` VALUES ('Fallout 76', 165, 65908, 326244600);
INSERT INTO `top1000_games_by_sales` VALUES ('Tom Clancy’s The Division™', 148, 73393, 325864920);
INSERT INTO `top1000_games_by_sales` VALUES ('METAL GEAR RISING: REVENGEANCE', 168, 64546, 325311840);
INSERT INTO `top1000_games_by_sales` VALUES ('Age of Empires IV: Anniversary Edition', 179, 60110, 322790700);
INSERT INTO `top1000_games_by_sales` VALUES ('Just Cause™ 3', 107, 98772, 317058120);
INSERT INTO `top1000_games_by_sales` VALUES ('《上古卷轴®OL》', 83, 127119, 316526310);
INSERT INTO `top1000_games_by_sales` VALUES ('邪恶冥刻', 88, 119639, 315846960);
INSERT INTO `top1000_games_by_sales` VALUES ('咩咩启示录', 118, 88536, 313417440);
INSERT INTO `top1000_games_by_sales` VALUES ('Marvel’s Spider-Man: Miles Morales', 345, 30089, 311421150);
INSERT INTO `top1000_games_by_sales` VALUES ('《猎人：荒野的召唤™》', 70, 147716, 310203600);
INSERT INTO `top1000_games_by_sales` VALUES ('ACE COMBAT™ 7: SKIES UNKNOWN', 268, 38563, 310046520);
INSERT INTO `top1000_games_by_sales` VALUES ('Dead Cells', 72, 142370, 307519200);
INSERT INTO `top1000_games_by_sales` VALUES ('夜族崛起', 108, 94688, 306789120);
INSERT INTO `top1000_games_by_sales` VALUES ('Call of Duty®: WWII', 338, 30213, 306359820);
INSERT INTO `top1000_games_by_sales` VALUES ('Far Cry 3', 98, 103464, 304184160);
INSERT INTO `top1000_games_by_sales` VALUES ('Assassin\'s Creed® Unity', 148, 67783, 300956520);
INSERT INTO `top1000_games_by_sales` VALUES ('Overcooked! 2', 189.99, 52645, 300060706.5);
INSERT INTO `top1000_games_by_sales` VALUES ('生化奇兵：无限 完全版', 95, 105251, 299965350);
INSERT INTO `top1000_games_by_sales` VALUES ('Cities: Skylines II', 198, 50437, 299595780);
INSERT INTO `top1000_games_by_sales` VALUES ('遗迹2', 245, 40540, 297969000);
INSERT INTO `top1000_games_by_sales` VALUES ('《四海兄弟: 最终版》', 139, 70726, 294927420);
INSERT INTO `top1000_games_by_sales` VALUES ('《极品飞车™：不羁》', 248, 39239, 291938160);
INSERT INTO `top1000_games_by_sales` VALUES ('People Playground', 37, 262400, 291264000);
INSERT INTO `top1000_games_by_sales` VALUES ('双影奇境', 198, 47934, 284727960);
INSERT INTO `top1000_games_by_sales` VALUES ('人类一败涂地 / Human Fall Flat', 58, 163616, 284691840);
INSERT INTO `top1000_games_by_sales` VALUES ('FINAL FANTASY XV WINDOWS EDITION', 230, 41202, 284293800);
INSERT INTO `top1000_games_by_sales` VALUES ('Farming Simulator 22', 149.99, 62469, 281091759.3);
INSERT INTO `top1000_games_by_sales` VALUES ('Conan Exiles', 129, 72239, 279564930);
INSERT INTO `top1000_games_by_sales` VALUES ('潜水员戴夫 DAVE THE DIVER', 80, 115698, 277675200);
INSERT INTO `top1000_games_by_sales` VALUES ('席德·梅尔的文明VII', 298, 30923, 276451620);
INSERT INTO `top1000_games_by_sales` VALUES ('Warhammer: Vermintide 2', 108, 85043, 275539320);
INSERT INTO `top1000_games_by_sales` VALUES ('The Elder Scrolls IV: Oblivion Remastered', 249, 35976, 268740720);
INSERT INTO `top1000_games_by_sales` VALUES ('庄园领主 Manor Lords', 149, 59730, 266993100);
INSERT INTO `top1000_games_by_sales` VALUES ('铁拳8', 248, 35880, 266947200);
INSERT INTO `top1000_games_by_sales` VALUES ('A Way Out', 150.1, 59260, 266847780);
INSERT INTO `top1000_games_by_sales` VALUES ('Tom Clancy\'s Ghost Recon® Breakpoint', 298, 29765, 266099100);
INSERT INTO `top1000_games_by_sales` VALUES ('Marvel\'s Guardians of the Galaxy', 294, 30169, 266090580);
INSERT INTO `top1000_games_by_sales` VALUES ('Totally Accurate Battle Simulator', 70, 126409, 265458900);
INSERT INTO `top1000_games_by_sales` VALUES ('神力科莎 Assetto Corsa', 76, 116015, 264514200);
INSERT INTO `top1000_games_by_sales` VALUES ('Black Mesa', 76, 115826, 264083280);
INSERT INTO `top1000_games_by_sales` VALUES ('LEGO® Star Wars™: The Skywalker Saga', 248, 35367, 263130480);
INSERT INTO `top1000_games_by_sales` VALUES ('Alien: Isolation', 198, 43855, 260498700);
INSERT INTO `top1000_games_by_sales` VALUES ('Undertale', 36, 239847, 259034760);
INSERT INTO `top1000_games_by_sales` VALUES ('Slime Rancher', 70, 121362, 254860200);
INSERT INTO `top1000_games_by_sales` VALUES ('Company of Heroes 2', 128, 66186, 254154240);
INSERT INTO `top1000_games_by_sales` VALUES ('全面战争：战锤', 268, 31594, 254015760);
INSERT INTO `top1000_games_by_sales` VALUES ('Assassin\'s Creed Valhalla', 298, 28222, 252304680);
INSERT INTO `top1000_games_by_sales` VALUES ('女神异闻录３ Reload', 298, 28129, 251473260);
INSERT INTO `top1000_games_by_sales` VALUES ('Far Cry® 4', 148, 56138, 249252720);
INSERT INTO `top1000_games_by_sales` VALUES ('South Park™: The Stick of Truth™', 148, 55714, 247370160);
INSERT INTO `top1000_games_by_sales` VALUES ('Lords of the Fallen 堕落之主', 298, 27668, 247351920);
INSERT INTO `top1000_games_by_sales` VALUES ('饥荒联机版', 24, 339925, 244746000);
INSERT INTO `top1000_games_by_sales` VALUES ('女神异闻录４ 黄金版', 125, 64934, 243502500);
INSERT INTO `top1000_games_by_sales` VALUES ('Metro 2033 Redux', 98, 82388, 242220720);
INSERT INTO `top1000_games_by_sales` VALUES ('Metro 2033 Redux', 98, 82379, 242194260);
INSERT INTO `top1000_games_by_sales` VALUES ('Sniper Elite 4', 158, 50887, 241204380);
INSERT INTO `top1000_games_by_sales` VALUES ('Prison Architect', 138, 58027, 240231780);
INSERT INTO `top1000_games_by_sales` VALUES ('Red Dead Online', 140, 57016, 239467200);
INSERT INTO `top1000_games_by_sales` VALUES ('Red Dead Online', 140, 57016, 239467200);
INSERT INTO `top1000_games_by_sales` VALUES ('Call of Duty®: Modern Warfare®', 399, 19577, 234336690);
INSERT INTO `top1000_games_by_sales` VALUES ('God of War Ragnarök', 398, 19601, 234035940);
INSERT INTO `top1000_games_by_sales` VALUES ('房产达人', 92, 84118, 232165680);
INSERT INTO `top1000_games_by_sales` VALUES ('DARK SOULS™ II', 251, 30819, 232067070);
INSERT INTO `top1000_games_by_sales` VALUES ('Grounded', 119, 64952, 231878640);
INSERT INTO `top1000_games_by_sales` VALUES ('Total War: SHOGUN 2', 223, 34578, 231326820);
INSERT INTO `top1000_games_by_sales` VALUES ('FINAL FANTASY VII REMAKE INTERGRADE', 248, 30935, 230156400);
INSERT INTO `top1000_games_by_sales` VALUES ('仁王２ Complete Edition', 249, 30568, 228342960);
INSERT INTO `top1000_games_by_sales` VALUES ('Far Cry® Primal', 248, 30636, 227931840);
INSERT INTO `top1000_games_by_sales` VALUES ('The Witcher 2: Assassins of Kings Enhanced Edition', 99, 76321, 226673370);
INSERT INTO `top1000_games_by_sales` VALUES ('Half-Life 2', 42, 179655, 226365300);
INSERT INTO `top1000_games_by_sales` VALUES ('Far Cry® 6', 298, 25040, 223857600);
INSERT INTO `top1000_games_by_sales` VALUES ('Fallout: New Vegas', 41, 181841, 223664430);
INSERT INTO `top1000_games_by_sales` VALUES ('The Outlast Trials', 136, 54769, 223457520);
INSERT INTO `top1000_games_by_sales` VALUES ('Kenshi', 90, 81043, 218816100);
INSERT INTO `top1000_games_by_sales` VALUES ('人中之龙０　誓约的场所', 125, 58275, 218531250);
INSERT INTO `top1000_games_by_sales` VALUES ('Call of Duty®: Black Ops Cold War', 399, 18216, 218045520);
INSERT INTO `top1000_games_by_sales` VALUES ('光与影：33号远征队', 218, 32761, 214256940);
INSERT INTO `top1000_games_by_sales` VALUES ('NBA 2K25', 369, 19164, 212145480);
INSERT INTO `top1000_games_by_sales` VALUES ('Outlast', 76, 92383, 210633240);
INSERT INTO `top1000_games_by_sales` VALUES ('Five Nights at Freddy\'s: Security Breach', 116, 60339, 209979720);
INSERT INTO `top1000_games_by_sales` VALUES ('缺氧', 58, 119713, 208300620);
INSERT INTO `top1000_games_by_sales` VALUES ('火影忍者 疾风传 终极风暴4', 98, 70457, 207143580);
INSERT INTO `top1000_games_by_sales` VALUES ('Street Fighter 6', 198, 34871, 207133740);
INSERT INTO `top1000_games_by_sales` VALUES ('原子之心', 239, 28772, 206295240);
INSERT INTO `top1000_games_by_sales` VALUES ('NieR Replicant™ ver.1.22474487139...', 359, 19119, 205911630);
INSERT INTO `top1000_games_by_sales` VALUES ('Dragon\'s Dogma: Dark Arisen', 192, 35446, 204168960);
INSERT INTO `top1000_games_by_sales` VALUES ('Space Engineers', 70, 96427, 202496700);
INSERT INTO `top1000_games_by_sales` VALUES ('Barotrauma 潜渊症', 130, 51635, 201376500);
INSERT INTO `top1000_games_by_sales` VALUES ('Anno 1800', 298, 22393, 200193420);
INSERT INTO `top1000_games_by_sales` VALUES ('Wolcen: Lords of Mayhem', 108, 61582, 199525680);
INSERT INTO `top1000_games_by_sales` VALUES ('Gray Zone Warfare', 128, 51916, 199357440);
INSERT INTO `top1000_games_by_sales` VALUES ('Outer Wilds', 95, 69926, 199289100);
INSERT INTO `top1000_games_by_sales` VALUES ('Victoria 3', 198, 33493, 198948420);
INSERT INTO `top1000_games_by_sales` VALUES ('雾锁王国 (Enshrouded)', 98, 67535, 198552900);
INSERT INTO `top1000_games_by_sales` VALUES ('UNCHARTED™: 盗贼传奇合辑', 345, 18808, 194662800);
INSERT INTO `top1000_games_by_sales` VALUES ('Resident Evil 7 Biohazard', 99, 65503, 194543910);
INSERT INTO `top1000_games_by_sales` VALUES ('NBA 2K24', 199, 32523, 194162310);
INSERT INTO `top1000_games_by_sales` VALUES ('Batman™: Arkham Knight', 68, 95106, 194016240);
INSERT INTO `top1000_games_by_sales` VALUES ('Hades II', 108, 59454, 192630960);
INSERT INTO `top1000_games_by_sales` VALUES ('Resident Evil 4 (2005)', 99, 64835, 192559950);
INSERT INTO `top1000_games_by_sales` VALUES ('Portal', 42, 152458, 192097080);
INSERT INTO `top1000_games_by_sales` VALUES ('Far Cry® New Dawn', 218, 29268, 191412720);
INSERT INTO `top1000_games_by_sales` VALUES ('Grand Theft Auto V 增强版', 149, 42514, 190037580);
INSERT INTO `top1000_games_by_sales` VALUES ('刺客信条：影', 348, 18180, 189799200);
INSERT INTO `top1000_games_by_sales` VALUES ('《木卫四协议》', 198, 31616, 187799040);
INSERT INTO `top1000_games_by_sales` VALUES ('Farming Simulator 19', 99, 62975, 187035750);
INSERT INTO `top1000_games_by_sales` VALUES ('GUILTY GEAR -STRIVE-', 148, 41971, 186351240);
INSERT INTO `top1000_games_by_sales` VALUES ('《地平线 西之绝境™》完整版', 414, 14942, 185579640);
INSERT INTO `top1000_games_by_sales` VALUES ('鬼灭之刃 火之神血风谭', 378, 16090, 182460600);
INSERT INTO `top1000_games_by_sales` VALUES ('遗迹：灰烬重生', 140, 43393, 182250600);
INSERT INTO `top1000_games_by_sales` VALUES ('FINAL FANTASY VII REBIRTH', 446, 13524, 180951120);
INSERT INTO `top1000_games_by_sales` VALUES ('Just Cause 4 Reloaded', 279.72, 21501, 180427791.60000002);
INSERT INTO `top1000_games_by_sales` VALUES ('Vampire Survivors - 吸血鬼幸存者', 25, 236824, 177618000);
INSERT INTO `top1000_games_by_sales` VALUES ('Counter-Strike', 37, 159700, 177267000);
INSERT INTO `top1000_games_by_sales` VALUES ('SPORE™', 98, 60057, 176567580);
INSERT INTO `top1000_games_by_sales` VALUES ('Blade and Sorcery', 108, 54320, 175996800);
INSERT INTO `top1000_games_by_sales` VALUES ('OUTRIDERS', 129, 45470, 175968900);
INSERT INTO `top1000_games_by_sales` VALUES ('Elite Dangerous', 76, 75939, 173140920);
INSERT INTO `top1000_games_by_sales` VALUES ('枪火重生', 68, 84678, 172743120);
INSERT INTO `top1000_games_by_sales` VALUES ('Balatro', 48.6, 118350, 172554300);
INSERT INTO `top1000_games_by_sales` VALUES ('暗喻幻想：ReFantazio', 298, 19277, 172336380);
INSERT INTO `top1000_games_by_sales` VALUES ('控制 - 终极合辑 / Control Ultimate Edition', 148, 38338, 170220720);
INSERT INTO `top1000_games_by_sales` VALUES ('Age of Empires II (Retired)', 68, 83348, 170029920);
INSERT INTO `top1000_games_by_sales` VALUES ('Call of Duty®: Black Ops 6', 488, 11563, 169282320);
INSERT INTO `top1000_games_by_sales` VALUES ('Hellblade: Senua\'s Sacrifice', 88, 63934, 168785760);
INSERT INTO `top1000_games_by_sales` VALUES ('DEATH STRANDING DIRECTOR\'S CUT', 198, 27804, 165155760);
INSERT INTO `top1000_games_by_sales` VALUES ('Assassin\'s Creed® Syndicate', 198, 27605, 163973700);
INSERT INTO `top1000_games_by_sales` VALUES ('Call of Duty®: Infinite Warfare', 338, 15760, 159806400);
INSERT INTO `top1000_games_by_sales` VALUES ('Call of Duty®: Modern Warfare® III', 446, 11932, 159650160);
INSERT INTO `top1000_games_by_sales` VALUES ('R.E.P.O.', 42, 126246, 159069960);
INSERT INTO `top1000_games_by_sales` VALUES ('Sleeping Dogs: Definitive Edition', 88, 60114, 158700960);
INSERT INTO `top1000_games_by_sales` VALUES ('Counter-Strike: Source', 42, 125793, 158499180);
INSERT INTO `top1000_games_by_sales` VALUES ('Marvel\'s Spider-Man 2', 398, 13202, 157631880);
INSERT INTO `top1000_games_by_sales` VALUES ('Wolfenstein II: The New Colossus', 165, 30806, 152489700);
INSERT INTO `top1000_games_by_sales` VALUES ('Call of Duty: World at War', 118, 43017, 152280180);
INSERT INTO `top1000_games_by_sales` VALUES ('OMORI', 70, 71660, 150486000);
INSERT INTO `top1000_games_by_sales` VALUES ('Starbound', 58, 86300, 150162000);
INSERT INTO `top1000_games_by_sales` VALUES ('Outlast 2', 108, 46204, 149700960);
INSERT INTO `top1000_games_by_sales` VALUES ('Noita', 70, 71185, 149488500);
INSERT INTO `top1000_games_by_sales` VALUES ('双点医院', 198, 25138, 149319720);
INSERT INTO `top1000_games_by_sales` VALUES ('Dishonored 2', 125, 39808, 149280000);
INSERT INTO `top1000_games_by_sales` VALUES ('米塔 MiSide', 52, 95349, 148744440);
INSERT INTO `top1000_games_by_sales` VALUES ('Total War: ATTILA', 200, 24788, 148728000);
INSERT INTO `top1000_games_by_sales` VALUES ('GTFO', 116, 42298, 147197040);
INSERT INTO `top1000_games_by_sales` VALUES ('歧路旅人', 402, 12093, 145841580);
INSERT INTO `top1000_games_by_sales` VALUES ('侏罗纪世界：进化 2', 163, 29812, 145780680);
INSERT INTO `top1000_games_by_sales` VALUES ('PAYDAY3 (收获日3)', 110.8, 43785, 145541340);
INSERT INTO `top1000_games_by_sales` VALUES ('Green Hell', 80, 60252, 144604800);
INSERT INTO `top1000_games_by_sales` VALUES ('翼星求生 ICARUS', 128, 37532, 144122880);
INSERT INTO `top1000_games_by_sales` VALUES ('Shadow Tactics: Blades of the Shogun', 160, 29776, 142924800);
INSERT INTO `top1000_games_by_sales` VALUES ('Plants vs. Zombies™ Garden Warfare 2:豪华版', 158, 30110, 142721400);
INSERT INTO `top1000_games_by_sales` VALUES ('Ravenfield', 68, 69888, 142571520);
INSERT INTO `top1000_games_by_sales` VALUES ('City Car Driving', 173, 27452, 142475880);
INSERT INTO `top1000_games_by_sales` VALUES ('Max Payne 3', 99, 47867, 142164990);
INSERT INTO `top1000_games_by_sales` VALUES ('真・三国无双 起源', 349, 13578, 142161660);
INSERT INTO `top1000_games_by_sales` VALUES ('DEATHLOOP', 249, 19016, 142049520);
INSERT INTO `top1000_games_by_sales` VALUES ('星球大战™：战机中队', 198, 23900, 141966000);
INSERT INTO `top1000_games_by_sales` VALUES ('Little Nightmares', 98, 47968, 141025920);
INSERT INTO `top1000_games_by_sales` VALUES ('自杀小队：消灭正义联盟', 446, 10478, 140195640);
INSERT INTO `top1000_games_by_sales` VALUES ('FINAL FANTASY XVI', 298, 15633, 139759020);
INSERT INTO `top1000_games_by_sales` VALUES ('Castle Crashers®', 48, 96048, 138309120);
INSERT INTO `top1000_games_by_sales` VALUES ('This War of Mine', 76, 60360, 137620800);
INSERT INTO `top1000_games_by_sales` VALUES ('SnowRunner', 129, 35381, 136924470);
INSERT INTO `top1000_games_by_sales` VALUES ('Call of Duty®: Black Ops', 228, 19950, 136458000);
INSERT INTO `top1000_games_by_sales` VALUES ('Life is Strange: True Colors', 399, 11391, 136350270);
INSERT INTO `top1000_games_by_sales` VALUES ('Life is Strange: True Colors', 399, 11391, 136350270);
INSERT INTO `top1000_games_by_sales` VALUES ('索尼克 未知边境', 229, 19740, 135613800);
INSERT INTO `top1000_games_by_sales` VALUES ('The Planet Crafter', 92, 49065, 135419400);
INSERT INTO `top1000_games_by_sales` VALUES ('A Hat in Time', 108, 41330, 133909200);
INSERT INTO `top1000_games_by_sales` VALUES ('CarX Drift Racing Online', 58, 76900, 133806000);
INSERT INTO `top1000_games_by_sales` VALUES ('Stormworks: Build and Rescue', 92, 47711, 131682360);
INSERT INTO `top1000_games_by_sales` VALUES ('Phoenix Wright: Ace Attorney Trilogy', 148, 29655, 131668200);
INSERT INTO `top1000_games_by_sales` VALUES ('《Spiritfarer®》Farewell版', 108, 40395, 130879800);
INSERT INTO `top1000_games_by_sales` VALUES ('挺进地牢', 58, 75035, 130560900);
INSERT INTO `top1000_games_by_sales` VALUES ('Farming Simulator 25', 209, 20769, 130221630);
INSERT INTO `top1000_games_by_sales` VALUES ('Prey', 125, 34670, 130012500);
INSERT INTO `top1000_games_by_sales` VALUES ('《渔帆暗涌》', 119, 36415, 130001550);
INSERT INTO `top1000_games_by_sales` VALUES ('Deus Ex: Mankind Divided', 147, 29425, 129764250);
INSERT INTO `top1000_games_by_sales` VALUES ('Insurgency', 50, 86452, 129678000);
INSERT INTO `top1000_games_by_sales` VALUES ('《恶意不息》', 139, 30689, 127973130);
INSERT INTO `top1000_games_by_sales` VALUES ('SOMA', 108, 39455, 127834200);
INSERT INTO `top1000_games_by_sales` VALUES ('三国志14', 349, 12200, 127734000);
INSERT INTO `top1000_games_by_sales` VALUES ('绯红结系', 328, 12937, 127300080);
INSERT INTO `top1000_games_by_sales` VALUES ('The Last of Us™ Part II Remastered', 345, 12274, 127035900);
INSERT INTO `top1000_games_by_sales` VALUES ('The First Berserker: Khazan', 398, 10616, 126755040);
INSERT INTO `top1000_games_by_sales` VALUES ('小小梦魇2', 118, 35806, 126753240);
INSERT INTO `top1000_games_by_sales` VALUES ('Saints Row IV: Re-Elected', 73.98, 57092, 126709984.80000001);
INSERT INTO `top1000_games_by_sales` VALUES ('Saints Row IV: Re-Elected', 73.98, 57090, 126705546);
INSERT INTO `top1000_games_by_sales` VALUES ('Chivalry 2', 116, 36137, 125756760);
INSERT INTO `top1000_games_by_sales` VALUES ('INSIDE', 68, 61538, 125537520);
INSERT INTO `top1000_games_by_sales` VALUES ('人类', 199, 20947, 125053590);
INSERT INTO `top1000_games_by_sales` VALUES ('GRIS', 58, 71830, 124984200);
INSERT INTO `top1000_games_by_sales` VALUES ('Watch_Dogs™', 98, 42331, 124453140);
INSERT INTO `top1000_games_by_sales` VALUES ('They Are Billions', 95, 43515, 124017750);
INSERT INTO `top1000_games_by_sales` VALUES ('NARUTO TO BORUTO: SHINOBI STRIKER', 98, 42062, 123662280);
INSERT INTO `top1000_games_by_sales` VALUES ('South Park™: The Fractured But Whole™', 148, 27714, 123050160);
INSERT INTO `top1000_games_by_sales` VALUES ('Warhammer 40,000: Inquisitor - Martyr', 222, 18458, 122930280);
INSERT INTO `top1000_games_by_sales` VALUES ('Pizza Tower', 68, 60200, 122808000);
INSERT INTO `top1000_games_by_sales` VALUES ('猛兽派对', 88.2, 46368, 122689728);
INSERT INTO `top1000_games_by_sales` VALUES ('BATTLETECH', 188, 21661, 122168040);
INSERT INTO `top1000_games_by_sales` VALUES ('Dragon Age: Origins - Ultimate Edition', 158, 25741, 122012340);
INSERT INTO `top1000_games_by_sales` VALUES ('歧路旅人 II', 379, 10661, 121215570);
INSERT INTO `top1000_games_by_sales` VALUES ('My Summer Car', 48, 83366, 120047040);
INSERT INTO `top1000_games_by_sales` VALUES ('My Summer Car', 48, 83342, 120012480);
INSERT INTO `top1000_games_by_sales` VALUES ('Bodycam', 128, 31220, 119884800);
INSERT INTO `top1000_games_by_sales` VALUES ('Call of Duty®: Ghosts', 338, 11805, 119702700);
INSERT INTO `top1000_games_by_sales` VALUES ('冲就完事模拟器', 88, 45175, 119262000);
INSERT INTO `top1000_games_by_sales` VALUES ('Warhammer 40,000: Rogue Trader', 188, 21101, 119009640);
INSERT INTO `top1000_games_by_sales` VALUES ('Wo Long: Fallen Dynasty （卧龙：苍天陨落）', 199, 19888, 118731360);
INSERT INTO `top1000_games_by_sales` VALUES ('古剑奇谭三(Gujian3)', 99, 39961, 118684170);
INSERT INTO `top1000_games_by_sales` VALUES ('人中之龙８', 298, 13200, 118008000);
INSERT INTO `top1000_games_by_sales` VALUES ('DRAGON BALL XENOVERSE 2', 98, 39570, 116335800);
INSERT INTO `top1000_games_by_sales` VALUES ('DRAGON BALL XENOVERSE 2', 98, 39570, 116335800);
INSERT INTO `top1000_games_by_sales` VALUES ('Half-Life', 37, 104444, 115932840);
INSERT INTO `top1000_games_by_sales` VALUES ('Resident Evil 6', 99, 38981, 115773570);
INSERT INTO `top1000_games_by_sales` VALUES ('Bloodstained: Ritual of the Night', 138, 27949, 115708860);
INSERT INTO `top1000_games_by_sales` VALUES ('Arma Reforger', 147.05, 26212, 115634238.00000001);
INSERT INTO `top1000_games_by_sales` VALUES ('F1® 24', 298, 12906, 115379640);
INSERT INTO `top1000_games_by_sales` VALUES ('Need for Speed™ Payback', 158, 24071, 114096540);
INSERT INTO `top1000_games_by_sales` VALUES ('Company of Heroes 3', 198, 19206, 114083640);
INSERT INTO `top1000_games_by_sales` VALUES ('火线迈阿密', 42, 89635, 112940100);
INSERT INTO `top1000_games_by_sales` VALUES ('Wreckfest', 129, 28887, 111792690);
INSERT INTO `top1000_games_by_sales` VALUES ('The Walking Dead: The Telltale Definitive Series', 168, 21924, 110496960);
INSERT INTO `top1000_games_by_sales` VALUES ('海狸浮生记 Timberborn', 128, 28645, 109996800);
INSERT INTO `top1000_games_by_sales` VALUES ('Men of War: Assault Squad 2', 108, 33910, 109868400);
INSERT INTO `top1000_games_by_sales` VALUES ('XCOM: Enemy Unknown', 95, 38522, 109787700);
INSERT INTO `top1000_games_by_sales` VALUES ('Gotham Knights', 249, 14525, 108501750);
INSERT INTO `top1000_games_by_sales` VALUES ('Mafia III: Definitive Edition', 105, 34421, 108426150);
INSERT INTO `top1000_games_by_sales` VALUES ('Tropico 6', 199, 18141, 108301770);
INSERT INTO `top1000_games_by_sales` VALUES ('Riders Republic', 198, 18179, 107983260);
INSERT INTO `top1000_games_by_sales` VALUES ('武士 零', 58, 61993, 107867820);
INSERT INTO `top1000_games_by_sales` VALUES ('ENDER LILIES: Quietus of the Knights', 98, 36685, 107853900);
INSERT INTO `top1000_games_by_sales` VALUES ('神力科莎：竞速 Assetto Corsa Competizione', 138, 25991, 107602740);
INSERT INTO `top1000_games_by_sales` VALUES ('Call of Duty®: Advanced Warfare - Gold Edition', 338, 10553, 107007420);
INSERT INTO `top1000_games_by_sales` VALUES ('Imperator: Rome', 188, 18936, 106799040);
INSERT INTO `top1000_games_by_sales` VALUES ('Car Mechanic Simulator 2018', 76, 46583, 106209240);
INSERT INTO `top1000_games_by_sales` VALUES ('Mad Max', 68, 52000, 106080000);
INSERT INTO `top1000_games_by_sales` VALUES ('Batman: Arkham Asylum Game of the Year Edition', 68, 51747, 105563880);
INSERT INTO `top1000_games_by_sales` VALUES ('Batman: Arkham Asylum Game of the Year Edition', 68, 51740, 105549600);
INSERT INTO `top1000_games_by_sales` VALUES ('Football Manager 2024', 268, 13109, 105396360);
INSERT INTO `top1000_games_by_sales` VALUES ('Foxhole', 90, 38838, 104862600);
INSERT INTO `top1000_games_by_sales` VALUES ('Chivalry: Medieval Warfare', 78, 44792, 104813280);
INSERT INTO `top1000_games_by_sales` VALUES ('《命令与征服™：重制版》', 118, 29428, 104175120);
INSERT INTO `top1000_games_by_sales` VALUES ('Monster Hunter World: Iceborne', 198, 17426, 103510440);
INSERT INTO `top1000_games_by_sales` VALUES ('Borderlands: The Pre-Sequel', 117.72, 29261, 103338147.6);
INSERT INTO `top1000_games_by_sales` VALUES ('Wolfenstein: The New Order', 83, 41360, 102986400);
INSERT INTO `top1000_games_by_sales` VALUES ('DJMAX RESPECT V', 138, 24797, 102659580);
INSERT INTO `top1000_games_by_sales` VALUES ('《龙腾世纪审判》', 198, 17269, 102577860);
INSERT INTO `top1000_games_by_sales` VALUES ('Resident Evil 5', 99, 34537, 102574890);
INSERT INTO `top1000_games_by_sales` VALUES ('Gang Beasts', 70, 48598, 102055800);
INSERT INTO `top1000_games_by_sales` VALUES ('inZOI', 188, 17944, 101204160);
INSERT INTO `top1000_games_by_sales` VALUES ('小骨：英雄杀手(Skul: The Hero Slayer)', 70, 48168, 101152800);
INSERT INTO `top1000_games_by_sales` VALUES ('Rivals of Aether', 108, 31218, 101146320);
INSERT INTO `top1000_games_by_sales` VALUES ('Supermarket Simulator', 52, 64163, 100094280);
INSERT INTO `top1000_games_by_sales` VALUES ('太吾绘卷 The Scroll Of Taiwu', 68, 48892, 99739680);
INSERT INTO `top1000_games_by_sales` VALUES ('MX Bikes', 128, 25931, 99575040);
INSERT INTO `top1000_games_by_sales` VALUES ('波西亚时光', 98, 33867, 99568980);
INSERT INTO `top1000_games_by_sales` VALUES ('波西亚时光', 98, 33867, 99568980);
INSERT INTO `top1000_games_by_sales` VALUES ('Batman: Arkham City - Game of the Year Edition', 68, 48666, 99278640);
INSERT INTO `top1000_games_by_sales` VALUES ('X4: Foundations', 168, 19640, 98985600);
INSERT INTO `top1000_games_by_sales` VALUES ('Ori and the Blind Forest', 68, 48434, 98805360);
INSERT INTO `top1000_games_by_sales` VALUES ('Outward Definitive Edition', 148, 22154, 98363760);
INSERT INTO `top1000_games_by_sales` VALUES ('Coral Island', 188, 17311, 97634040);
INSERT INTO `top1000_games_by_sales` VALUES ('DEAD OR ALIVE 6', 349, 9292, 97287240);
INSERT INTO `top1000_games_by_sales` VALUES ('Brick Rigs', 72, 44737, 96631920);
INSERT INTO `top1000_games_by_sales` VALUES ('Hi-Fi RUSH', 125, 25619, 96071250);
INSERT INTO `top1000_games_by_sales` VALUES ('Hi-Fi RUSH', 125, 25615, 96056250);
INSERT INTO `top1000_games_by_sales` VALUES ('Tabletop Simulator', 76, 42070, 95919600);
INSERT INTO `top1000_games_by_sales` VALUES ('Lobotomy Corporation | Monster Management Simulation', 80, 39829, 95589600);
INSERT INTO `top1000_games_by_sales` VALUES ('Call of Duty®: Modern Warfare® II', 446, 7131, 95412780);
INSERT INTO `top1000_games_by_sales` VALUES ('Persona® 5 Strikers', 268, 11866, 95402640);
INSERT INTO `top1000_games_by_sales` VALUES ('JOJO的奇妙冒险 群星之战 重制版', 348, 9111, 95118840);
INSERT INTO `top1000_games_by_sales` VALUES ('Crash Bandicoot™ N. Sane Trilogy', 250, 12611, 94582500);
INSERT INTO `top1000_games_by_sales` VALUES ('Rising Storm 2: Vietnam', 78, 40353, 94426020);
INSERT INTO `top1000_games_by_sales` VALUES ('九日', 130, 24168, 94255200);
INSERT INTO `top1000_games_by_sales` VALUES ('护核纪元', 76, 41153, 93828840);
INSERT INTO `top1000_games_by_sales` VALUES ('Escape the Backrooms', 37, 84336, 93612960);
INSERT INTO `top1000_games_by_sales` VALUES ('Spyro™ Reignited Trilogy', 250, 12476, 93570000);
INSERT INTO `top1000_games_by_sales` VALUES ('What Remains of Edith Finch', 78, 39962, 93511080);
INSERT INTO `top1000_games_by_sales` VALUES ('雨世界', 92, 33728, 93089280);
INSERT INTO `top1000_games_by_sales` VALUES ('Avowed', 348, 8909, 93009960);
INSERT INTO `top1000_games_by_sales` VALUES ('A Plague Tale: Requiem', 199, 15571, 92958870);
INSERT INTO `top1000_games_by_sales` VALUES ('友尽高尔夫', 70, 44191, 92801100);
INSERT INTO `top1000_games_by_sales` VALUES ('Need for Speed™', 158, 19540, 92619600);
INSERT INTO `top1000_games_by_sales` VALUES ('机械战警：暴戾都市', 199, 15447, 92218590);
INSERT INTO `top1000_games_by_sales` VALUES ('初音未来 Project DIVA MEGA39’s＋', 198, 15417, 91576980);
INSERT INTO `top1000_games_by_sales` VALUES ('Undisputed', 185.8, 16367, 91229658);
INSERT INTO `top1000_games_by_sales` VALUES ('塔罗斯的法则', 108, 28097, 91034280);
INSERT INTO `top1000_games_by_sales` VALUES ('Starship Troopers: Extermination', 108, 27847, 90224280);
INSERT INTO `top1000_games_by_sales` VALUES ('Deadside', 92, 32675, 90183000);
INSERT INTO `top1000_games_by_sales` VALUES ('Transport Fever 2', 136, 22041, 89927280);
INSERT INTO `top1000_games_by_sales` VALUES ('The Evil Within 2', 165, 18133, 89758350);
INSERT INTO `top1000_games_by_sales` VALUES ('夺宝奇兵：古老之圈', 349, 8570, 89727900);
INSERT INTO `top1000_games_by_sales` VALUES ('生化奇兵 重制版', 64, 46350, 88992000);
INSERT INTO `top1000_games_by_sales` VALUES ('Street Fighter V', 108, 27316, 88503840);
INSERT INTO `top1000_games_by_sales` VALUES ('加油站大亨', 136.8, 21555, 88461720);
INSERT INTO `top1000_games_by_sales` VALUES ('The Sims™ 3', 99, 29612, 87947640);
INSERT INTO `top1000_games_by_sales` VALUES ('工人与资源：苏维埃共和国 Workers & Resources: Soviet Republic', 149, 19610, 87656700);
INSERT INTO `top1000_games_by_sales` VALUES ('Stranded Deep', 70, 41733, 87639300);
INSERT INTO `top1000_games_by_sales` VALUES ('《WILD HEARTS™》', 298, 9766, 87308040);
INSERT INTO `top1000_games_by_sales` VALUES ('WorldBox - God Simulator', 76, 38127, 86929560);
INSERT INTO `top1000_games_by_sales` VALUES ('Vampyr', 169, 17023, 86306610);
INSERT INTO `top1000_games_by_sales` VALUES ('Abiotic Factor', 128, 22391, 85981440);
INSERT INTO `top1000_games_by_sales` VALUES ('《Mass Effect™：Andromeda》豪华版内容', 198, 14442, 85785480);
INSERT INTO `top1000_games_by_sales` VALUES ('《Mass Effect™：Andromeda》豪华版内容', 198, 14442, 85785480);
INSERT INTO `top1000_games_by_sales` VALUES ('Dwarf Fortress', 108, 26422, 85607280);
INSERT INTO `top1000_games_by_sales` VALUES ('Gears 5', 148, 19247, 85456680);
INSERT INTO `top1000_games_by_sales` VALUES ('Watch Dogs®: Legion', 298, 9497, 84903180);
INSERT INTO `top1000_games_by_sales` VALUES ('Call to Arms - Gates of Hell: Ostfront', 128, 22086, 84810240);
INSERT INTO `top1000_games_by_sales` VALUES ('DiRT Rally 2.0', 80, 35277, 84664800);
INSERT INTO `top1000_games_by_sales` VALUES ('Papers, Please', 42, 67077, 84517020);
INSERT INTO `top1000_games_by_sales` VALUES ('MudRunner', 89, 31566, 84281220);
INSERT INTO `top1000_games_by_sales` VALUES ('L.A. Noire', 99, 28275, 83976750);
INSERT INTO `top1000_games_by_sales` VALUES ('L.A. Noire', 99, 28275, 83976750);
INSERT INTO `top1000_games_by_sales` VALUES ('GOD EATER 3', 385.92, 7211, 83486073.60000001);
INSERT INTO `top1000_games_by_sales` VALUES ('风暴之城 Against the Storm', 99, 28091, 83430270);
INSERT INTO `top1000_games_by_sales` VALUES ('Bayonetta', 114, 24304, 83119680);
INSERT INTO `top1000_games_by_sales` VALUES ('Broforce', 58, 47722, 83036280);
INSERT INTO `top1000_games_by_sales` VALUES ('Total War: MEDIEVAL II – Definitive Edition', 112, 24707, 83015520);
INSERT INTO `top1000_games_by_sales` VALUES ('侠之道(PathOfWuxia)', 98, 28090, 82584600);
INSERT INTO `top1000_games_by_sales` VALUES ('《赛博朋克 2077：往日之影》', 149, 18310, 81845700);
INSERT INTO `top1000_games_by_sales` VALUES ('Forza Motorsport 极限竞速', 298, 9148, 81783120);
INSERT INTO `top1000_games_by_sales` VALUES ('The Walking Dead', 58, 46891, 81590340);
INSERT INTO `top1000_games_by_sales` VALUES ('Age of Mythology: Extended Edition', 88, 30874, 81507360);
INSERT INTO `top1000_games_by_sales` VALUES ('人中之龙7　光与暗的去向　国际版', 109, 24721, 80837670);
INSERT INTO `top1000_games_by_sales` VALUES ('DEVOUR', 42, 63830, 80425800);
INSERT INTO `top1000_games_by_sales` VALUES ('Plants vs. Zombies GOTY Edition', 21, 127586, 80379180);
INSERT INTO `top1000_games_by_sales` VALUES ('We Happy Few', 248, 10766, 80099040);
INSERT INTO `top1000_games_by_sales` VALUES ('Divinity: Original Sin - Enhanced Edition', 112, 23797, 79957920);
INSERT INTO `top1000_games_by_sales` VALUES ('Divinity: Original Sin - Enhanced Edition', 112, 23797, 79957920);
INSERT INTO `top1000_games_by_sales` VALUES ('Batman™: Arkham Origins', 68, 38991, 79541640);
INSERT INTO `top1000_games_by_sales` VALUES ('迷走深空：碎舰师', 149, 17792, 79530240);
INSERT INTO `top1000_games_by_sales` VALUES ('Call of Duty®: Modern Warfare® Remastered (2017)', 228, 11624, 79508160);
INSERT INTO `top1000_games_by_sales` VALUES ('上行战场 / The Ascent', 148, 17864, 79316160);
INSERT INTO `top1000_games_by_sales` VALUES ('Graveyard Keeper', 76, 34761, 79255080);
INSERT INTO `top1000_games_by_sales` VALUES ('Slime Rancher 2', 90, 29287, 79074900);
INSERT INTO `top1000_games_by_sales` VALUES ('BattleBlock Theater®', 48, 54577, 78590880);
INSERT INTO `top1000_games_by_sales` VALUES ('Sonic Mania', 120, 21805, 78498000);
INSERT INTO `top1000_games_by_sales` VALUES ('Age of Wonders 4', 198, 13194, 78372360);
INSERT INTO `top1000_games_by_sales` VALUES ('The Long Drive', 62, 41697, 77556420);
INSERT INTO `top1000_games_by_sales` VALUES ('The Henry Stickmin Collection', 55, 46976, 77510400);
INSERT INTO `top1000_games_by_sales` VALUES ('Car Mechanic Simulator 2021', 92, 27943, 77122680);
INSERT INTO `top1000_games_by_sales` VALUES ('Dishonored', 41, 62251, 76568730);
INSERT INTO `top1000_games_by_sales` VALUES ('紫色晶石', 89, 28585, 76321950);
INSERT INTO `top1000_games_by_sales` VALUES ('Thief Simulator', 76, 33116, 75504480);
INSERT INTO `top1000_games_by_sales` VALUES ('影子武士2', 108, 23295, 75475800);
INSERT INTO `top1000_games_by_sales` VALUES ('The Elder Scrolls IV: Oblivion® Game of the Year Edition (2009)', 62, 40519, 75365340);
INSERT INTO `top1000_games_by_sales` VALUES ('The Elder Scrolls IV: Oblivion® Game of the Year Edition (2009)', 62, 40519, 75365340);
INSERT INTO `top1000_games_by_sales` VALUES ('The Elder Scrolls IV: Oblivion® Game of the Year Edition (2009)', 62, 40518, 75363480);
INSERT INTO `top1000_games_by_sales` VALUES ('The Elder Scrolls IV: Oblivion® Game of the Year Edition (2009)', 62, 40503, 75335580);
INSERT INTO `top1000_games_by_sales` VALUES ('DmC: Devil May Cry', 135, 18590, 75289500);
INSERT INTO `top1000_games_by_sales` VALUES ('Resident Evil', 127.07, 19718, 75166987.8);
INSERT INTO `top1000_games_by_sales` VALUES ('小缇娜的奇幻之地', 159.2, 15606, 74534256);
INSERT INTO `top1000_games_by_sales` VALUES ('GreedFall', 149, 16671, 74519370);
INSERT INTO `top1000_games_by_sales` VALUES ('STAR WARS™ Empire at War - Gold Pack', 76, 32673, 74494440);
INSERT INTO `top1000_games_by_sales` VALUES ('Pummel Party', 58, 42627, 74170980);
INSERT INTO `top1000_games_by_sales` VALUES ('To the Moon《去月球》', 39, 63372, 74145240);
INSERT INTO `top1000_games_by_sales` VALUES ('莱莎的炼金工房 ～常暗女王与秘密藏身处～', 349, 7077, 74096190);
INSERT INTO `top1000_games_by_sales` VALUES ('千恋＊万花', 88, 27941, 73764240);
INSERT INTO `top1000_games_by_sales` VALUES ('勇者斗恶龙XI S 寻觅逝去的时光 - Definitive Edition', 284, 8598, 73254960);
INSERT INTO `top1000_games_by_sales` VALUES ('Assassin\'s Creed 2', 48, 50840, 73209600);
INSERT INTO `top1000_games_by_sales` VALUES ('嗜血印 Bloody Spell', 79, 30640, 72616800);
INSERT INTO `top1000_games_by_sales` VALUES ('《Battlefield 3™》', 198, 12214, 72551160);
INSERT INTO `top1000_games_by_sales` VALUES ('冰汽时代2', 149, 16176, 72306720);
INSERT INTO `top1000_games_by_sales` VALUES ('Foundation', 128, 18805, 72211200);
INSERT INTO `top1000_games_by_sales` VALUES ('Sword Art Online: Fatal Bullet', 158, 15185, 71976900);
INSERT INTO `top1000_games_by_sales` VALUES ('Call of Duty® 4: Modern Warfare® (2007)', 118, 20103, 71164620);
INSERT INTO `top1000_games_by_sales` VALUES ('Call of Duty® 4: Modern Warfare® (2007)', 118, 20103, 71164620);
INSERT INTO `top1000_games_by_sales` VALUES ('Ranch Simulator: Build, Hunt, Farm', 80, 29545, 70908000);
INSERT INTO `top1000_games_by_sales` VALUES ('人中之龙　极２', 185, 12774, 70895700);
INSERT INTO `top1000_games_by_sales` VALUES ('UBOAT', 108, 21846, 70781040);
INSERT INTO `top1000_games_by_sales` VALUES ('主播女孩重度依赖', 54, 43668, 70742160);
INSERT INTO `top1000_games_by_sales` VALUES ('SUPERHOT', 90, 26168, 70653600);
INSERT INTO `top1000_games_by_sales` VALUES ('Need for Speed™ Most Wanted', 118, 19906, 70467240);
INSERT INTO `top1000_games_by_sales` VALUES ('Quantum Break', 112, 20869, 70119840);
INSERT INTO `top1000_games_by_sales` VALUES ('围攻', 52.2, 44634, 69896844);
INSERT INTO `top1000_games_by_sales` VALUES ('Deus Ex: Human Revolution - Director\'s Cut', 98, 23744, 69807360);
INSERT INTO `top1000_games_by_sales` VALUES ('Aliens: Fireteam Elite', 119, 19428, 69357960);
INSERT INTO `top1000_games_by_sales` VALUES ('World War Z', 119, 19346, 69065220);
INSERT INTO `top1000_games_by_sales` VALUES ('Grand Theft Auto: San Andreas – The Definitive Edition', 279, 8241, 68977170);
INSERT INTO `top1000_games_by_sales` VALUES ('FINAL FANTASY XII THE ZODIAC AGE', 318, 7222, 68897880);
INSERT INTO `top1000_games_by_sales` VALUES ('Forager', 70, 32799, 68877900);
INSERT INTO `top1000_games_by_sales` VALUES ('Forager', 70, 32795, 68869500);
INSERT INTO `top1000_games_by_sales` VALUES ('采石场惊魂', 199, 11470, 68475900);
INSERT INTO `top1000_games_by_sales` VALUES ('Red Dead Redemption', 249, 9128, 68186160);
INSERT INTO `top1000_games_by_sales` VALUES ('Serious Sam 3: BFE', 108, 20940, 67845600);
INSERT INTO `top1000_games_by_sales` VALUES ('Serious Sam 3: BFE', 108, 20939, 67842360);
INSERT INTO `top1000_games_by_sales` VALUES ('The Escapists 2', 90, 25024, 67564800);
INSERT INTO `top1000_games_by_sales` VALUES ('Resident Evil Revelations 2', 99, 22679, 67356630);
INSERT INTO `top1000_games_by_sales` VALUES ('War of Rights', 195, 11490, 67216500);
INSERT INTO `top1000_games_by_sales` VALUES ('War of Rights', 195, 11490, 67216500);
INSERT INTO `top1000_games_by_sales` VALUES ('饥荒', 24, 93223, 67120560);
INSERT INTO `top1000_games_by_sales` VALUES ('四海兄弟II 最终版', 105, 21243, 66915450);
INSERT INTO `top1000_games_by_sales` VALUES ('Goat Simulator', 42, 53096, 66900960);
INSERT INTO `top1000_games_by_sales` VALUES ('Getting Over It with Bennett Foddy', 32, 69570, 66787200);
INSERT INTO `top1000_games_by_sales` VALUES ('EA SPORTS™ WRC', 248, 8964, 66692160);
INSERT INTO `top1000_games_by_sales` VALUES ('Age of Mythology: Retold', 148, 14961, 66426840);
INSERT INTO `top1000_games_by_sales` VALUES ('Pathfinder: Wrath of the Righteous - Enhanced Edition', 75, 29442, 66244500);
INSERT INTO `top1000_games_by_sales` VALUES ('RIDE 4', 239, 9238, 66236460);
INSERT INTO `top1000_games_by_sales` VALUES ('Last Oasis', 108, 20333, 65878920);
INSERT INTO `top1000_games_by_sales` VALUES ('Injustice™ 2', 138, 15852, 65627280);
INSERT INTO `top1000_games_by_sales` VALUES ('索尼克×夏特 世代重启', 229, 9544, 65567280);
INSERT INTO `top1000_games_by_sales` VALUES ('植物大战僵尸™: 和睦小镇保卫战', 158, 13828, 65544720);
INSERT INTO `top1000_games_by_sales` VALUES ('地球防卫军6', 398, 5488, 65526720);
INSERT INTO `top1000_games_by_sales` VALUES ('Torchlight II', 68, 32067, 65416680);
INSERT INTO `top1000_games_by_sales` VALUES ('Total War: EMPIRE – Definitive Edition', 112, 19462, 65392320);
INSERT INTO `top1000_games_by_sales` VALUES ('Surviving Mars', 138, 15785, 65349900);
INSERT INTO `top1000_games_by_sales` VALUES ('The Binding of Isaac: Repentance', 172, 12663, 65341080);
INSERT INTO `top1000_games_by_sales` VALUES ('战场兄弟 Battle Brothers', 99, 21940, 65161800);
INSERT INTO `top1000_games_by_sales` VALUES ('RuneScape: Dragonwilds', 138, 15705, 65018700);
INSERT INTO `top1000_games_by_sales` VALUES ('Monster Hunter Stories 2: Wings of Ruin', 198, 10939, 64977660);
INSERT INTO `top1000_games_by_sales` VALUES ('沙石镇时光', 98, 22026, 64756440);
INSERT INTO `top1000_games_by_sales` VALUES ('High On Life', 136, 15864, 64725120);
INSERT INTO `top1000_games_by_sales` VALUES ('Dead Space™ 2', 98, 21963, 64571220);
INSERT INTO `top1000_games_by_sales` VALUES ('Cooking Simulator', 128, 16751, 64323840);
INSERT INTO `top1000_games_by_sales` VALUES ('Torchlight III', 210, 10182, 64146600);
INSERT INTO `top1000_games_by_sales` VALUES ('ENDLESS™ Space 2', 129, 16515, 63913050);
INSERT INTO `top1000_games_by_sales` VALUES ('Skater XL - The Ultimate Skateboarding Game', 116, 18280, 63614400);
INSERT INTO `top1000_games_by_sales` VALUES ('Contraband Police', 109.99, 19255, 63535723.5);
INSERT INTO `top1000_games_by_sales` VALUES ('Sifu', 139, 15205, 63404850);
INSERT INTO `top1000_games_by_sales` VALUES ('The Crew Motorfest', 298, 7089, 63375660);
INSERT INTO `top1000_games_by_sales` VALUES ('WARNO', 188, 11233, 63354120);
INSERT INTO `top1000_games_by_sales` VALUES ('Kena: Bridge of Spirits', 146.59, 14366, 63177358.2);
INSERT INTO `top1000_games_by_sales` VALUES ('Kena: Bridge of Spirits', 146.59, 14361, 63155369.7);
INSERT INTO `top1000_games_by_sales` VALUES ('Police Simulator: Patrol Officers', 134, 15709, 63150180);
INSERT INTO `top1000_games_by_sales` VALUES ('Wargame: Red Dragon', 138, 15238, 63085320);
INSERT INTO `top1000_games_by_sales` VALUES ('Dead Space (2008)', 98, 21420, 62974800);
INSERT INTO `top1000_games_by_sales` VALUES ('Unpacking', 70, 29983, 62964300);
INSERT INTO `top1000_games_by_sales` VALUES ('The Elder Scrolls V: Skyrim VR', 249, 8428, 62957160);
INSERT INTO `top1000_games_by_sales` VALUES ('SpongeBob SquarePants: Battle for Bikini Bottom - Rehydrated', 159, 13143, 62692110);
INSERT INTO `top1000_games_by_sales` VALUES ('Clone Drone in the Danger Zone', 70, 29813, 62607300);
INSERT INTO `top1000_games_by_sales` VALUES ('Transistor', 76, 27323, 62296440);
INSERT INTO `top1000_games_by_sales` VALUES ('Transistor', 76, 27323, 62296440);
INSERT INTO `top1000_games_by_sales` VALUES ('Transistor', 76, 27322, 62294160);
INSERT INTO `top1000_games_by_sales` VALUES ('Ni no Kuni™ II: Revenant Kingdom', 268, 7741, 62237640);
INSERT INTO `top1000_games_by_sales` VALUES ('Warhammer 40,000: Space Marine - Anniversary Edition', 128, 16026, 61539840);
INSERT INTO `top1000_games_by_sales` VALUES ('为了吾王 / For The King', 70, 29246, 61416600);
INSERT INTO `top1000_games_by_sales` VALUES ('神之天平（ASTLIBRA Revision）', 80, 25550, 61320000);
INSERT INTO `top1000_games_by_sales` VALUES ('Doki Doki Literature Club Plus!', 80, 25425, 61020000);
INSERT INTO `top1000_games_by_sales` VALUES ('逸剑风云决', 78, 25823, 60425820);
INSERT INTO `top1000_games_by_sales` VALUES ('Paint the Town Red', 76, 26497, 60413160);
INSERT INTO `top1000_games_by_sales` VALUES ('土豆兄弟(Brotato)', 22, 91471, 60370860);
INSERT INTO `top1000_games_by_sales` VALUES ('Terminator: Resistance', 139.05, 14443, 60248974.50000001);
INSERT INTO `top1000_games_by_sales` VALUES ('Returnal™', 414, 4846, 60187320);
INSERT INTO `top1000_games_by_sales` VALUES ('Digimon Story Cyber Sleuth: Complete Edition', 228, 8794, 60150960);
INSERT INTO `top1000_games_by_sales` VALUES ('Digimon Story Cyber Sleuth: Complete Edition', 228, 8790, 60123600);
INSERT INTO `top1000_games_by_sales` VALUES ('人中之龙　极', 125, 16025, 60093750);
INSERT INTO `top1000_games_by_sales` VALUES ('人中之龙　极', 125, 16024, 60090000);
INSERT INTO `top1000_games_by_sales` VALUES ('Bully: Scholarship Edition', 63, 31774, 60052860);
INSERT INTO `top1000_games_by_sales` VALUES ('Bully: Scholarship Edition', 63, 31774, 60052860);
INSERT INTO `top1000_games_by_sales` VALUES ('超级鸡马', 55, 36334, 59951100);
INSERT INTO `top1000_games_by_sales` VALUES ('OneShot', 42, 47549, 59911740);
INSERT INTO `top1000_games_by_sales` VALUES ('Return of the Obra Dinn', 76, 26255, 59861400);
INSERT INTO `top1000_games_by_sales` VALUES ('Darkest Dungeon® II', 102, 19536, 59780160);
INSERT INTO `top1000_games_by_sales` VALUES ('Train Simulator Classic 2024', 108, 18419, 59677560);
INSERT INTO `top1000_games_by_sales` VALUES ('勇者斗恶龙 创世小玩家2 破坏神席德与空荡岛', 324, 6122, 59505840);
INSERT INTO `top1000_games_by_sales` VALUES ('暖雪 Warm Snow', 58, 33727, 58684980);
INSERT INTO `top1000_games_by_sales` VALUES ('Mortal Kombat X', 54.4, 35876, 58549632);
INSERT INTO `top1000_games_by_sales` VALUES ('王国：两位君主', 76, 25601, 58370280);
INSERT INTO `top1000_games_by_sales` VALUES ('超级机器人大战30', 368, 5255, 58015200);
INSERT INTO `top1000_games_by_sales` VALUES ('Just Cause 2', 48, 40194, 57879360);
INSERT INTO `top1000_games_by_sales` VALUES ('活侠传', 68, 28346, 57825840);
INSERT INTO `top1000_games_by_sales` VALUES ('3DMark', 128, 15048, 57784320);
INSERT INTO `top1000_games_by_sales` VALUES ('Devil May Cry HD Collection', 162, 11888, 57775680);
INSERT INTO `top1000_games_by_sales` VALUES ('Solasta: Crown of the Magister', 108, 17819, 57733560);
INSERT INTO `top1000_games_by_sales` VALUES ('TCG Card Shop Simulator', 52, 36986, 57698160);
INSERT INTO `top1000_games_by_sales` VALUES ('Danganronpa: Trigger Happy Havoc', 68, 28254, 57638160);
INSERT INTO `top1000_games_by_sales` VALUES ('英雄萨姆4', 136, 14122, 57617760);
INSERT INTO `top1000_games_by_sales` VALUES ('苍翼：混沌效应', 76, 25204, 57465120);
INSERT INTO `top1000_games_by_sales` VALUES ('苍翼：混沌效应', 76, 25204, 57465120);
INSERT INTO `top1000_games_by_sales` VALUES ('Life is Strange: Before the Storm', 58, 32954, 57339960);
INSERT INTO `top1000_games_by_sales` VALUES ('UNO', 48, 39716, 57191040);
INSERT INTO `top1000_games_by_sales` VALUES ('红怪', 76, 25077, 57175560);
INSERT INTO `top1000_games_by_sales` VALUES ('STAR WARS™ Battlefront II (Classic, 2005)', 42, 45339, 57127140);
INSERT INTO `top1000_games_by_sales` VALUES ('Titan Quest Anniversary Edition', 79, 24104, 57126480);
INSERT INTO `top1000_games_by_sales` VALUES ('STAR WARS™ Battlefront II (Classic, 2005)', 42, 45338, 57125880);
INSERT INTO `top1000_games_by_sales` VALUES ('仙剑奇侠传七', 128, 14853, 57035520);
INSERT INTO `top1000_games_by_sales` VALUES ('Ultra Street Fighter® IV', 190.64, 9964, 56986108.8);
INSERT INTO `top1000_games_by_sales` VALUES ('Pillars of Eternity II: Deadfire', 138, 13744, 56900160);
INSERT INTO `top1000_games_by_sales` VALUES ('Muse Dash', 18, 105296, 56859840);
INSERT INTO `top1000_games_by_sales` VALUES ('超阈限空间 Superliminal', 76, 24899, 56769720);
INSERT INTO `top1000_games_by_sales` VALUES ('KINGDOM HEARTS -HD 1.5+2.5 ReMIX-', 298, 6330, 56590200);
INSERT INTO `top1000_games_by_sales` VALUES ('前方高能', 33, 56927, 56357730);
INSERT INTO `top1000_games_by_sales` VALUES ('《光环 无限》(战役)', 399, 4700, 56259000);
INSERT INTO `top1000_games_by_sales` VALUES ('Wasteland 3', 116, 16155, 56219400);
INSERT INTO `top1000_games_by_sales` VALUES ('Wasteland 3', 116, 16155, 56219400);
INSERT INTO `top1000_games_by_sales` VALUES ('Journey', 60, 31058, 55904400);
INSERT INTO `top1000_games_by_sales` VALUES ('机械制造者 Trailmakers', 80, 23280, 55872000);
INSERT INTO `top1000_games_by_sales` VALUES ('Stick Fight: The Game', 19, 97720, 55700400);
INSERT INTO `top1000_games_by_sales` VALUES ('循环勇士', 58, 31995, 55671300);
INSERT INTO `top1000_games_by_sales` VALUES ('Squad 44', 101, 18302, 55455060);
INSERT INTO `top1000_games_by_sales` VALUES ('Dungeons 3', 149, 12392, 55392240);
INSERT INTO `top1000_games_by_sales` VALUES ('Dungeons 3', 149, 12392, 55392240);
INSERT INTO `top1000_games_by_sales` VALUES ('超自然车旅 Pacific Drive', 114, 16102, 55068840);
INSERT INTO `top1000_games_by_sales` VALUES ('RPG Maker MV', 268, 6830, 54913200);
INSERT INTO `top1000_games_by_sales` VALUES ('Minecraft Dungeons', 144, 12586, 54371520);
INSERT INTO `top1000_games_by_sales` VALUES ('Total War: NAPOLEON – Definitive Edition', 112, 16168, 54324480);
INSERT INTO `top1000_games_by_sales` VALUES ('真・三国无双７ with 猛将传', 159, 11381, 54287370);
INSERT INTO `top1000_games_by_sales` VALUES ('深岩银河：幸存者', 52, 34728, 54175680);
INSERT INTO `top1000_games_by_sales` VALUES ('Alan Wake', 50, 35946, 53919000);
INSERT INTO `top1000_games_by_sales` VALUES ('我的朋友佩德罗', 76, 23607, 53823960);
INSERT INTO `top1000_games_by_sales` VALUES ('我的朋友佩德罗', 76, 23607, 53823960);
INSERT INTO `top1000_games_by_sales` VALUES ('永恒空间2', 169, 10489, 53179230);
INSERT INTO `top1000_games_by_sales` VALUES ('永恒空间2', 169, 10489, 53179230);
INSERT INTO `top1000_games_by_sales` VALUES ('Saints Row: The Third', 36.97, 47935, 53164708.5);
INSERT INTO `top1000_games_by_sales` VALUES ('Saints Row: The Third', 36.97, 47935, 53164708.5);
INSERT INTO `top1000_games_by_sales` VALUES ('冰与火之舞 A Dance of Fire and Ice', 26, 68111, 53126580);
INSERT INTO `top1000_games_by_sales` VALUES ('Sun Haven', 92, 19241, 53105160);
INSERT INTO `top1000_games_by_sales` VALUES ('永恒寒冬', 108, 16390, 53103600);
INSERT INTO `top1000_games_by_sales` VALUES ('Skullgirls 2nd Encore', 80, 22052, 52924800);
INSERT INTO `top1000_games_by_sales` VALUES ('Soundpad', 22, 79897, 52732020);
INSERT INTO `top1000_games_by_sales` VALUES ('STEINS;GATE', 90, 19466, 52558200);
INSERT INTO `top1000_games_by_sales` VALUES ('Microsoft Flight Simulator X: Steam Edition', 78, 22414, 52448760);
INSERT INTO `top1000_games_by_sales` VALUES ('Microsoft Flight Simulator X: Steam Edition', 78, 22414, 52448760);
INSERT INTO `top1000_games_by_sales` VALUES ('人中之龙7外传 无名之龙', 229, 7585, 52108950);
INSERT INTO `top1000_games_by_sales` VALUES ('海参2', 154, 11244, 51947280);
INSERT INTO `top1000_games_by_sales` VALUES ('Sid Meier\'s Civilization®: Beyond Earth™', 127, 13617, 51880770);
INSERT INTO `top1000_games_by_sales` VALUES ('Valiant Hearts: The Great War™ / Soldats Inconnus : Mémoires de la Grande Guerre™', 75, 22889, 51500250);
INSERT INTO `top1000_games_by_sales` VALUES ('《神力科莎EVO》 Assetto Corsa EVO', 198, 8670, 51499800);
INSERT INTO `top1000_games_by_sales` VALUES ('伊克西翁IXION', 128, 13409, 51490560);
INSERT INTO `top1000_games_by_sales` VALUES ('GROUND BRANCH', 90, 19069, 51486300);
INSERT INTO `top1000_games_by_sales` VALUES ('Le Mans Ultimate', 258.02, 6645, 51436287);
INSERT INTO `top1000_games_by_sales` VALUES ('Tom Clancy’s Splinter Cell Blacklist', 98, 17489, 51417660);
INSERT INTO `top1000_games_by_sales` VALUES ('Holdfast: Nations At War', 76, 22482, 51258960);
INSERT INTO `top1000_games_by_sales` VALUES ('首都高赛车', 159, 10664, 50867280);
INSERT INTO `top1000_games_by_sales` VALUES ('Danganronpa 2: Goodbye Despair', 68, 24930, 50857200);
INSERT INTO `top1000_games_by_sales` VALUES ('Sherlock Holmes: The Devil\'s Daughter', 149, 11369, 50819430);
INSERT INTO `top1000_games_by_sales` VALUES ('Dead Island 2', 185.8, 9112, 50790288);
INSERT INTO `top1000_games_by_sales` VALUES ('The Witness', 112, 15067, 50625120);
INSERT INTO `top1000_games_by_sales` VALUES ('光明记忆：无限', 48, 35112, 50561280);
INSERT INTO `top1000_games_by_sales` VALUES ('CRISIS CORE –FINAL FANTASY VII– REUNION', 298, 5603, 50090820);
INSERT INTO `top1000_games_by_sales` VALUES ('影子武士', 108, 15432, 49999680);
INSERT INTO `top1000_games_by_sales` VALUES ('Assassin’s Creed® Rogue', 98, 16997, 49971180);
INSERT INTO `top1000_games_by_sales` VALUES ('Monster Train', 88, 18891, 49872240);
INSERT INTO `top1000_games_by_sales` VALUES ('Assassin\'s Creed Mirage', 248, 6667, 49602480);
INSERT INTO `top1000_games_by_sales` VALUES ('S.T.A.L.K.E.R.: Call of Pripyat', 68, 24236, 49441440);
INSERT INTO `top1000_games_by_sales` VALUES ('HELLDIVERS™ Dive Harder Edition', 68, 24140, 49245600);
INSERT INTO `top1000_games_by_sales` VALUES ('HELLDIVERS™ Dive Harder Edition', 68, 24140, 49245600);
INSERT INTO `top1000_games_by_sales` VALUES ('BIOMUTANT', 130, 12599, 49136100);
INSERT INTO `top1000_games_by_sales` VALUES ('Thief', 98, 16708, 49121520);
INSERT INTO `top1000_games_by_sales` VALUES ('Zombie Army Trilogy', 122, 13419, 49113540);
INSERT INTO `top1000_games_by_sales` VALUES ('了不起的修仙模拟器', 88, 18565, 49011600);
INSERT INTO `top1000_games_by_sales` VALUES ('了不起的修仙模拟器', 88, 18565, 49011600);
INSERT INTO `top1000_games_by_sales` VALUES ('SD GUNDAM 激斗同盟', 348, 4683, 48890520);
INSERT INTO `top1000_games_by_sales` VALUES ('Left 4 Dead', 31.5, 51654, 48813030);
INSERT INTO `top1000_games_by_sales` VALUES ('HITMAN World of Assassination', 42, 38737, 48808620);
INSERT INTO `top1000_games_by_sales` VALUES ('Total War: ROME REMASTERED', 148, 10901, 48400440);
INSERT INTO `top1000_games_by_sales` VALUES ('晃晃人生 / Wobbly Life', 66, 24409, 48329820);
INSERT INTO `top1000_games_by_sales` VALUES ('三国群英传8', 128, 12584, 48322560);
INSERT INTO `top1000_games_by_sales` VALUES ('Brothers - A Tale of Two Sons', 48, 33551, 48313440);
INSERT INTO `top1000_games_by_sales` VALUES ('ANIMAL WELL', 85, 18943, 48304650);
INSERT INTO `top1000_games_by_sales` VALUES ('SIGNALIS', 70, 22978, 48253800);
INSERT INTO `top1000_games_by_sales` VALUES ('Sea of Stars 星之海', 165, 9733, 48178350);
INSERT INTO `top1000_games_by_sales` VALUES ('Sea of Stars 星之海', 165, 9732, 48173400);
INSERT INTO `top1000_games_by_sales` VALUES ('Car For Sale Simulator 2023', 92, 17438, 48128880);
INSERT INTO `top1000_games_by_sales` VALUES ('Hello Neighbor', 108, 14816, 48003840);
INSERT INTO `top1000_games_by_sales` VALUES ('Dinkum(金垦小镇)', 79, 20251, 47994870);
INSERT INTO `top1000_games_by_sales` VALUES ('《极品飞车：热力追踪》重制版', 158, 10123, 47983020);
INSERT INTO `top1000_games_by_sales` VALUES ('Dead Island Definitive Edition', 74, 21592, 47934240);
INSERT INTO `top1000_games_by_sales` VALUES ('Bastion', 58, 27529, 47900460);
INSERT INTO `top1000_games_by_sales` VALUES ('深海惊魂 Depth', 68, 23326, 47585040);
INSERT INTO `top1000_games_by_sales` VALUES ('Senua’s Saga: Hellblade II', 248, 6381, 47474640);
INSERT INTO `top1000_games_by_sales` VALUES ('超凡双生', 68, 23187, 47301480);
INSERT INTO `top1000_games_by_sales` VALUES ('The Evil Within', 83, 18972, 47240280);
INSERT INTO `top1000_games_by_sales` VALUES ('Fate/Samurai Remnant', 349, 4510, 47219700);
INSERT INTO `top1000_games_by_sales` VALUES ('Victoria II', 98, 15972, 46957680);
INSERT INTO `top1000_games_by_sales` VALUES ('Victoria II', 98, 15972, 46957680);
INSERT INTO `top1000_games_by_sales` VALUES ('真·女神转生Ⅴ Vengeance', 268, 5765, 46350600);
INSERT INTO `top1000_games_by_sales` VALUES ('DUSK', 76, 20282, 46242960);
INSERT INTO `top1000_games_by_sales` VALUES ('VTOL VR', 88, 17492, 46178880);
INSERT INTO `top1000_games_by_sales` VALUES ('VTOL VR', 88, 17492, 46178880);
INSERT INTO `top1000_games_by_sales` VALUES ('BioShock™', 64, 24003, 46085760);
INSERT INTO `top1000_games_by_sales` VALUES ('Gloomhaven', 121, 12673, 46002990);
INSERT INTO `top1000_games_by_sales` VALUES ('Gloomhaven', 121, 12671, 45995730);
INSERT INTO `top1000_games_by_sales` VALUES ('Maneater', 116, 13159, 45793320);
INSERT INTO `top1000_games_by_sales` VALUES ('Scorn', 139, 10970, 45744900);
INSERT INTO `top1000_games_by_sales` VALUES ('TerraTech', 80, 19034, 45681600);
INSERT INTO `top1000_games_by_sales` VALUES ('VA-11 Hall-A: Cyberpunk Bartender Action', 48, 31639, 45560160);
INSERT INTO `top1000_games_by_sales` VALUES ('《镜之边缘：Catalyst》', 118, 12784, 45255360);
INSERT INTO `top1000_games_by_sales` VALUES ('Borderlands Game of the Year Enhanced', 99, 15210, 45173700);
INSERT INTO `top1000_games_by_sales` VALUES ('完蛋！我被美女包围了！', 42, 35759, 45056340);
INSERT INTO `top1000_games_by_sales` VALUES ('Dawn of Man', 92, 16313, 45023880);
INSERT INTO `top1000_games_by_sales` VALUES ('Slay the Princess — The Pristine Cut', 68, 22006, 44892240);
INSERT INTO `top1000_games_by_sales` VALUES ('TUNIC', 108, 13773, 44624520);
INSERT INTO `top1000_games_by_sales` VALUES ('Six Days in Fallujah 费卢杰六日', 129, 11501, 44508870);
INSERT INTO `top1000_games_by_sales` VALUES ('Prototype™', 139, 10632, 44335440);
INSERT INTO `top1000_games_by_sales` VALUES ('WARRIORS OROCHI 4 / 無雙OROCHI 蛇魔３', 349, 4234, 44329980);
INSERT INTO `top1000_games_by_sales` VALUES ('Liftoff®: FPV Drone Racing', 139, 10603, 44214510);
INSERT INTO `top1000_games_by_sales` VALUES ('刀剑神域 彼岸游境', 298, 4940, 44163600);
INSERT INTO `top1000_games_by_sales` VALUES ('帝国神话', 99, 14862, 44140140);
INSERT INTO `top1000_games_by_sales` VALUES ('The Riftbreaker 银河破裂者', 89, 16442, 43900140);
INSERT INTO `top1000_games_by_sales` VALUES ('房产达人 2', 135.99, 10684, 43587514.800000004);
INSERT INTO `top1000_games_by_sales` VALUES ('Dead Rising 3 Apocalypse Edition', 115, 12630, 43573500);
INSERT INTO `top1000_games_by_sales` VALUES ('Inside the Backrooms', 39, 37213, 43539210);
INSERT INTO `top1000_games_by_sales` VALUES ('Assassin’s Creed® Brotherhood', 68, 21225, 43299000);
INSERT INTO `top1000_games_by_sales` VALUES ('Warhammer: End Times - Vermintide', 108, 13344, 43234560);
INSERT INTO `top1000_games_by_sales` VALUES ('The Wolf Among Us', 50, 28722, 43083000);
INSERT INTO `top1000_games_by_sales` VALUES ('Game Dev Tycoon', 37, 38677, 42931470);
INSERT INTO `top1000_games_by_sales` VALUES ('Automation - The Car Company Tycoon Game', 108, 13250, 42930000);
INSERT INTO `top1000_games_by_sales` VALUES ('The Walking Dead: Season Two', 58, 24581, 42770940);
INSERT INTO `top1000_games_by_sales` VALUES ('Hot Dogs, Horseshoes & Hand Grenades', 68, 20927, 42691080);
INSERT INTO `top1000_games_by_sales` VALUES ('Steel Division 2', 188, 7564, 42660960);
INSERT INTO `top1000_games_by_sales` VALUES ('Session: Skate Sim', 116, 12248, 42623040);
INSERT INTO `top1000_games_by_sales` VALUES ('闪避刺客', 43, 32987, 42553230);
INSERT INTO `top1000_games_by_sales` VALUES ('闪避刺客', 43, 32987, 42553230);
INSERT INTO `top1000_games_by_sales` VALUES ('Thronebreaker: The Witcher Tales', 98, 14472, 42547680);
INSERT INTO `top1000_games_by_sales` VALUES ('ATRI -My Dear Moments-', 73, 19405, 42496950);
INSERT INTO `top1000_games_by_sales` VALUES ('神之亵渎2', 130, 10859, 42350100);
INSERT INTO `top1000_games_by_sales` VALUES ('Craftopia / 创世理想乡', 82.8, 17036, 42317424);
INSERT INTO `top1000_games_by_sales` VALUES ('Worms W.M.D', 162, 8679, 42179940);
INSERT INTO `top1000_games_by_sales` VALUES ('AI: The Somnium Files', 179, 7850, 42154500);
INSERT INTO `top1000_games_by_sales` VALUES ('Crime Scene Cleaner', 70.5, 19926, 42143490);
INSERT INTO `top1000_games_by_sales` VALUES ('觅长生', 58, 24188, 42087120);
INSERT INTO `top1000_games_by_sales` VALUES ('ABZU', 68, 20628, 42081120);
INSERT INTO `top1000_games_by_sales` VALUES ('ABZU', 68, 20626, 42077040);
INSERT INTO `top1000_games_by_sales` VALUES ('Neon White', 95, 14756, 42054600);
INSERT INTO `top1000_games_by_sales` VALUES ('LISA: The Painful', 110, 12712, 41949600);
INSERT INTO `top1000_games_by_sales` VALUES ('Remember Me', 135, 10338, 41868900);
INSERT INTO `top1000_games_by_sales` VALUES ('Pillars of Eternity', 88, 15837, 41809680);
INSERT INTO `top1000_games_by_sales` VALUES ('地下蚁国 Empires of the Undergrowth', 99, 14067, 41778990);
INSERT INTO `top1000_games_by_sales` VALUES ('Just Shapes & Beats', 70, 19870, 41727000);
INSERT INTO `top1000_games_by_sales` VALUES ('缄默祸运', 52, 26704, 41658240);
INSERT INTO `top1000_games_by_sales` VALUES ('CarX Street', 140, 9911, 41626200);
INSERT INTO `top1000_games_by_sales` VALUES ('烟火', 36, 38421, 41494680);
INSERT INTO `top1000_games_by_sales` VALUES ('大侠立志传：碧血丹心', 69, 20035, 41472450);
INSERT INTO `top1000_games_by_sales` VALUES ('Hydroneer', 58, 23752, 41328480);
INSERT INTO `top1000_games_by_sales` VALUES ('偶像大师 STARLIT SEASON', 348, 3956, 41300640);
INSERT INTO `top1000_games_by_sales` VALUES ('Darksiders III', 130, 10576, 41246400);
INSERT INTO `top1000_games_by_sales` VALUES ('Desperados III', 136, 10017, 40869360);
INSERT INTO `top1000_games_by_sales` VALUES ('Heroes® of Might & Magic® III - HD Edition', 75, 18097, 40718250);
INSERT INTO `top1000_games_by_sales` VALUES ('Grand Theft Auto: Vice City – The Definitive Edition', 279, 4862, 40694940);
INSERT INTO `top1000_games_by_sales` VALUES ('Grand Theft Auto: Vice City – The Definitive Edition', 279, 4862, 40694940);
INSERT INTO `top1000_games_by_sales` VALUES ('Dune: Spice Wars', 128, 10559, 40546560);
INSERT INTO `top1000_games_by_sales` VALUES ('火山的女儿', 35, 38546, 40473300);
INSERT INTO `top1000_games_by_sales` VALUES ('生化奇兵2 重制版', 64, 21062, 40439040);
INSERT INTO `top1000_games_by_sales` VALUES ('生化奇兵2 重制版', 64, 21062, 40439040);
INSERT INTO `top1000_games_by_sales` VALUES ('生化奇兵2 重制版', 64, 21062, 40439040);
INSERT INTO `top1000_games_by_sales` VALUES ('Going Medieval', 92, 14644, 40417440);
INSERT INTO `top1000_games_by_sales` VALUES ('CLANNAD', 152, 8832, 40273920);
INSERT INTO `top1000_games_by_sales` VALUES ('House Party', 99, 13542, 40219740);
INSERT INTO `top1000_games_by_sales` VALUES ('蟹蟹寻宝奇遇', 98, 13653, 40139820);
INSERT INTO `top1000_games_by_sales` VALUES ('过山车之星2', 168, 7874, 39684960);
INSERT INTO `top1000_games_by_sales` VALUES ('SD GUNDAM G GENERATION CROSS RAYS', 198, 6661, 39566340);
INSERT INTO `top1000_games_by_sales` VALUES ('Bendy and the Ink Machine', 70, 18840, 39564000);
INSERT INTO `top1000_games_by_sales` VALUES ('伊松佐河', 108, 12210, 39560400);
INSERT INTO `top1000_games_by_sales` VALUES ('BIGFOOT', 79.99, 16472, 39527858.4);
INSERT INTO `top1000_games_by_sales` VALUES ('Farm Together', 76, 17322, 39494160);
INSERT INTO `top1000_games_by_sales` VALUES ('POSTAL 4: No Regerts', 136, 9655, 39392400);
INSERT INTO `top1000_games_by_sales` VALUES ('IL-2捍卫雄鹰：斯大林格勒战役', 168, 7812, 39372480);
INSERT INTO `top1000_games_by_sales` VALUES ('IL-2捍卫雄鹰：斯大林格勒战役', 168, 7812, 39372480);
INSERT INTO `top1000_games_by_sales` VALUES ('Fallout 4 VR', 249, 5266, 39337020);
INSERT INTO `top1000_games_by_sales` VALUES ('Roboquest (机械守护者)', 78.99, 16570, 39265929);
INSERT INTO `top1000_games_by_sales` VALUES ('The Medium', 198, 6597, 39186180);
INSERT INTO `top1000_games_by_sales` VALUES ('Children of Morta', 80, 16324, 39177600);
INSERT INTO `top1000_games_by_sales` VALUES ('Children of Morta', 80, 16323, 39175200);
INSERT INTO `top1000_games_by_sales` VALUES ('SpeedRunners', 58, 22510, 39167400);
INSERT INTO `top1000_games_by_sales` VALUES ('The Coffin of Andy and Leyley', 48, 27175, 39132000);
INSERT INTO `top1000_games_by_sales` VALUES ('CrossCode', 88, 14822, 39130080);
INSERT INTO `top1000_games_by_sales` VALUES ('Life is Strange Remastered', 273, 4773, 39090870);
INSERT INTO `top1000_games_by_sales` VALUES ('Life is Strange Remastered', 273, 4773, 39090870);
INSERT INTO `top1000_games_by_sales` VALUES ('灵魂面甲(Soulmask)', 108, 11958, 38743920);
INSERT INTO `top1000_games_by_sales` VALUES ('Tyranny', 138, 9355, 38729700);
INSERT INTO `top1000_games_by_sales` VALUES ('Tyranny', 138, 9352, 38717280);
INSERT INTO `top1000_games_by_sales` VALUES ('LIMBO', 36, 35820, 38685600);
INSERT INTO `top1000_games_by_sales` VALUES ('Trine 4: The Nightmare Prince', 118, 10925, 38674500);
INSERT INTO `top1000_games_by_sales` VALUES ('Farming Simulator 17', 58, 22194, 38617560);
INSERT INTO `top1000_games_by_sales` VALUES ('Demonologist', 76, 16890, 38509200);
INSERT INTO `top1000_games_by_sales` VALUES ('Spelunky 2', 70, 18324, 38480400);
INSERT INTO `top1000_games_by_sales` VALUES ('Fable Anniversary', 100, 12784, 38352000);
INSERT INTO `top1000_games_by_sales` VALUES ('SpaceEngine', 108, 11837, 38351880);
INSERT INTO `top1000_games_by_sales` VALUES ('Super Meat Boy', 48, 26602, 38306880);
INSERT INTO `top1000_games_by_sales` VALUES ('沉没之地', 70, 18206, 38232600);
INSERT INTO `top1000_games_by_sales` VALUES ('Avatar: Frontiers of Pandora™', 348, 3647, 38074680);
INSERT INTO `top1000_games_by_sales` VALUES ('Arma 2: Operation Arrowhead', 79, 16051, 38040870);
INSERT INTO `top1000_games_by_sales` VALUES ('Call of Duty®: Vanguard', 399, 3171, 37956870);
INSERT INTO `top1000_games_by_sales` VALUES ('Zombie Army 4: Dead War', 168, 7528, 37941120);
INSERT INTO `top1000_games_by_sales` VALUES ('Lords Of The Fallen™ 2014', 99, 12750, 37867500);
INSERT INTO `top1000_games_by_sales` VALUES ('Witch It', 90, 14023, 37862100);
INSERT INTO `top1000_games_by_sales` VALUES ('EA SPORTS™ Madden NFL 25', 348, 3625, 37845000);
INSERT INTO `top1000_games_by_sales` VALUES ('狙击手：幽灵战士契约 2', 119, 10578, 37763460);
INSERT INTO `top1000_games_by_sales` VALUES ('LEGO® Marvel™ Super Heroes', 68, 18496, 37731840);
INSERT INTO `top1000_games_by_sales` VALUES ('死亡之门', 76, 16546, 37724880);
INSERT INTO `top1000_games_by_sales` VALUES ('Ryse: Son of Rome', 37, 33959, 37694490);
INSERT INTO `top1000_games_by_sales` VALUES ('Might & Magic® Heroes® VII', 196.8, 6378, 37655712);
INSERT INTO `top1000_games_by_sales` VALUES ('Project Wingman', 80, 15683, 37639200);
INSERT INTO `top1000_games_by_sales` VALUES ('Sonic Adventure 2', 60, 20860, 37548000);
INSERT INTO `top1000_games_by_sales` VALUES ('漫野奇谭', 80, 15641, 37538400);
INSERT INTO `top1000_games_by_sales` VALUES ('Rogue Legacy 2', 92, 13598, 37530480);
INSERT INTO `top1000_games_by_sales` VALUES ('Rogue Legacy 2', 92, 13598, 37530480);
INSERT INTO `top1000_games_by_sales` VALUES ('Rogue Legacy 2', 92, 13598, 37530480);
INSERT INTO `top1000_games_by_sales` VALUES ('隐形守护者 The Invisible Guardian', 28, 44597, 37461480);
INSERT INTO `top1000_games_by_sales` VALUES ('Evil Genius 2: World Domination', 116, 10729, 37336920);
INSERT INTO `top1000_games_by_sales` VALUES ('Star Wars Outlaws', 298, 4170, 37279800);
INSERT INTO `top1000_games_by_sales` VALUES ('Streets of Rogue', 76, 16321, 37211880);
INSERT INTO `top1000_games_by_sales` VALUES ('呼吸边缘', 92, 13458, 37144080);
INSERT INTO `top1000_games_by_sales` VALUES ('Mirror 2: Project X', 11, 112401, 37092330);
INSERT INTO `top1000_games_by_sales` VALUES ('Mirror 2: Project X', 11, 112398, 37091340);
INSERT INTO `top1000_games_by_sales` VALUES ('Assassin\'s Creed® Revelations', 75, 16417, 36938250);
INSERT INTO `top1000_games_by_sales` VALUES ('ONE PIECE World Seeker', 268, 4594, 36935760);
INSERT INTO `top1000_games_by_sales` VALUES ('Far Cry 3 - Blood Dragon', 75, 16342, 36769500);
INSERT INTO `top1000_games_by_sales` VALUES ('Drug Dealer Simulator', 70, 17503, 36756300);
INSERT INTO `top1000_games_by_sales` VALUES ('Resident Evil 0', 127, 9646, 36751260);
INSERT INTO `top1000_games_by_sales` VALUES ('PAYDAY™ The Heist', 58, 21095, 36705300);
INSERT INTO `top1000_games_by_sales` VALUES ('夏日狂想曲：乡间的难忘回忆', 59, 20734, 36699180);
INSERT INTO `top1000_games_by_sales` VALUES ('HOT WHEELS UNLEASHED™', 239, 5111, 36645870);
INSERT INTO `top1000_games_by_sales` VALUES ('零 ～濡鸦之巫女～', 249, 4892, 36543240);
INSERT INTO `top1000_games_by_sales` VALUES ('Absolver', 108, 11266, 36501840);
INSERT INTO `top1000_games_by_sales` VALUES ('ShellShock Live', 42, 28755, 36231300);
INSERT INTO `top1000_games_by_sales` VALUES ('Rhythm Doctor 节奏医生', 62, 19468, 36210480);
INSERT INTO `top1000_games_by_sales` VALUES ('Iron Harvest', 111, 10871, 36200430);
INSERT INTO `top1000_games_by_sales` VALUES ('Liar\'s Bar', 29, 41575, 36170250);
INSERT INTO `top1000_games_by_sales` VALUES ('Kingdoms of Amalur: Re-Reckoning', 219, 5477, 35983890);
INSERT INTO `top1000_games_by_sales` VALUES ('破败之王：英雄联盟外传', 118, 10144, 35909760);
INSERT INTO `top1000_games_by_sales` VALUES ('Dorfromantik', 47, 25448, 35881680);
INSERT INTO `top1000_games_by_sales` VALUES ('塔罗斯的法则2', 108, 11024, 35717760);
INSERT INTO `top1000_games_by_sales` VALUES ('机械迷城 (Machinarium)', 86, 13838, 35702040);
INSERT INTO `top1000_games_by_sales` VALUES ('Mortal Online 2', 116, 10255, 35687400);
INSERT INTO `top1000_games_by_sales` VALUES ('Mortal Online 2', 116, 10253, 35680440);
INSERT INTO `top1000_games_by_sales` VALUES ('Aseprite', 70, 16974, 35645400);
INSERT INTO `top1000_games_by_sales` VALUES ('Dead Space™ 3', 118, 10020, 35470800);
INSERT INTO `top1000_games_by_sales` VALUES ('颂钟长鸣', 108, 10947, 35468280);
INSERT INTO `top1000_games_by_sales` VALUES ('ENDER MAGNOLIA: Bloom in the Mist', 98, 12064, 35468160);
INSERT INTO `top1000_games_by_sales` VALUES ('KovaaK\'s', 37, 31948, 35462280);
INSERT INTO `top1000_games_by_sales` VALUES ('米德加尔的部落', 70, 16830, 35343000);
INSERT INTO `top1000_games_by_sales` VALUES ('Tower Unite', 76, 15413, 35141640);
INSERT INTO `top1000_games_by_sales` VALUES ('WEBFISHING', 22, 53074, 35028840);
INSERT INTO `top1000_games_by_sales` VALUES ('战场女武神４ 最终版', 220, 5299, 34973400);
INSERT INTO `top1000_games_by_sales` VALUES ('Shadows of Doubt - 凶影疑云', 92, 12638, 34880880);
INSERT INTO `top1000_games_by_sales` VALUES ('Construction Simulator', 140, 8304, 34876800);
INSERT INTO `top1000_games_by_sales` VALUES ('The Walking Dead: The Final Season', 76, 15275, 34827000);
INSERT INTO `top1000_games_by_sales` VALUES ('Flashing Lights - 警情，消防，急救', 80, 14429, 34629600);
INSERT INTO `top1000_games_by_sales` VALUES ('MADNESS: Project Nexus', 80, 14229, 34149600);
INSERT INTO `top1000_games_by_sales` VALUES ('MADNESS: Project Nexus', 80, 14228, 34147200);
INSERT INTO `top1000_games_by_sales` VALUES ('Anno 2205™', 198, 5745, 34125300);
INSERT INTO `top1000_games_by_sales` VALUES ('Granblue Fantasy Versus: Rising', 245, 4628, 34015800);
INSERT INTO `top1000_games_by_sales` VALUES ('Salt and Sanctuary', 60, 18861, 33949800);
INSERT INTO `top1000_games_by_sales` VALUES ('圣剑传说3 TRIALS of MANA', 249, 4540, 33913800);
INSERT INTO `top1000_games_by_sales` VALUES ('MELTY BLOOD: TYPE LUMINA', 138, 8189, 33902460);
INSERT INTO `top1000_games_by_sales` VALUES ('Bendy and the Dark Revival', 98, 11520, 33868800);
INSERT INTO `top1000_games_by_sales` VALUES ('Bendy and the Dark Revival', 98, 11520, 33868800);
INSERT INTO `top1000_games_by_sales` VALUES ('人中之龙８外传 Pirates in Hawaii', 268, 4199, 33759960);
INSERT INTO `top1000_games_by_sales` VALUES ('Stranded: Alien Dawn', 132, 8489, 33616440);
INSERT INTO `top1000_games_by_sales` VALUES ('征服之歌', 109, 10277, 33605790);
INSERT INTO `top1000_games_by_sales` VALUES ('WWE 2K24', 199, 5620, 33551400);
INSERT INTO `top1000_games_by_sales` VALUES ('NARUTO SHIPPUDEN: Ultimate Ninja STORM 3 Full Burst HD', 108, 10349, 33530760);
INSERT INTO `top1000_games_by_sales` VALUES ('Avorion', 92, 12132, 33484320);
INSERT INTO `top1000_games_by_sales` VALUES ('Witchfire', 139, 8025, 33464250);
INSERT INTO `top1000_games_by_sales` VALUES ('STAR WARS™ Knights of the Old Republic™', 42, 26547, 33449220);
INSERT INTO `top1000_games_by_sales` VALUES ('Beholder', 56, 19866, 33374880);
INSERT INTO `top1000_games_by_sales` VALUES ('Dishonored®: Death of the Outsider™', 125, 8899, 33371250);
INSERT INTO `top1000_games_by_sales` VALUES ('Portal Knights', 68, 16335, 33323400);
INSERT INTO `top1000_games_by_sales` VALUES ('Warhammer 40,000: Mechanicus', 108, 10255, 33226200);
INSERT INTO `top1000_games_by_sales` VALUES ('Crysis Remastered', 90, 12272, 33134400);
INSERT INTO `top1000_games_by_sales` VALUES ('军团战争2 / Legion TD 2', 99, 11154, 33127380);
INSERT INTO `top1000_games_by_sales` VALUES ('Ravenswatch 鸦卫奇旅', 95, 11611, 33091350);
INSERT INTO `top1000_games_by_sales` VALUES ('风来之国 (Eastward)', 80, 13785, 33084000);
INSERT INTO `top1000_games_by_sales` VALUES ('幽灵行者 2（Ghostrunner 2）', 168, 6555, 33037200);
INSERT INTO `top1000_games_by_sales` VALUES ('幽灵行者 2（Ghostrunner 2）', 168, 6554, 33032160);
INSERT INTO `top1000_games_by_sales` VALUES ('Warhammer 40,000: Gladius - Relics of War', 150.5, 7293, 32927895);
INSERT INTO `top1000_games_by_sales` VALUES ('Grand Theft Auto III – The Definitive Edition', 279, 3921, 32818770);
INSERT INTO `top1000_games_by_sales` VALUES ('Infection Free Zone (无感染区)', 88, 12410, 32762400);
INSERT INTO `top1000_games_by_sales` VALUES ('Hero Siege', 33, 33063, 32732370);
INSERT INTO `top1000_games_by_sales` VALUES ('Choo-Choo Charles', 76, 14339, 32692920);
INSERT INTO `top1000_games_by_sales` VALUES ('Choo-Choo Charles', 76, 14339, 32692920);
INSERT INTO `top1000_games_by_sales` VALUES ('疑案追声', 38, 28666, 32679240);
INSERT INTO `top1000_games_by_sales` VALUES ('Strange Brigade', 138, 7876, 32606640);
INSERT INTO `top1000_games_by_sales` VALUES ('Little Witch Nobeta', 119, 9127, 32583390);
INSERT INTO `top1000_games_by_sales` VALUES ('Little Witch Nobeta', 119, 9126, 32579820);
INSERT INTO `top1000_games_by_sales` VALUES ('Pathologic 2', 128, 8481, 32567040);
INSERT INTO `top1000_games_by_sales` VALUES ('BLEACH 魂魄觉醒', 298, 3634, 32487960);
INSERT INTO `top1000_games_by_sales` VALUES ('Moonlighter', 70, 15339, 32211900);
INSERT INTO `top1000_games_by_sales` VALUES ('Secret Neighbor: Hello Neighbor Multiplayer', 76, 14127, 32209560);
INSERT INTO `top1000_games_by_sales` VALUES ('Age of History II', 24.5, 43763, 32165805);
INSERT INTO `top1000_games_by_sales` VALUES ('速速上菜！', 68, 15702, 32032080);
INSERT INTO `top1000_games_by_sales` VALUES ('Crypt of the NecroDancer', 48, 22243, 32029920);
INSERT INTO `top1000_games_by_sales` VALUES ('苏丹的游戏', 80, 13330, 31992000);
INSERT INTO `top1000_games_by_sales` VALUES ('Baldur\'s Gate: Enhanced Edition', 76, 13990, 31897200);
INSERT INTO `top1000_games_by_sales` VALUES ('《地平线 零之曙光™》重制版', 345, 3074, 31815900);
INSERT INTO `top1000_games_by_sales` VALUES ('Space Hulk: Deathwing Enhanced Edition', 129, 8214, 31788180);
INSERT INTO `top1000_games_by_sales` VALUES ('Tails of Iron', 99, 10650, 31630500);
INSERT INTO `top1000_games_by_sales` VALUES ('Tails of Iron', 99, 10650, 31630500);
INSERT INTO `top1000_games_by_sales` VALUES ('Gold Mining Simulator', 76, 13804, 31473120);
INSERT INTO `top1000_games_by_sales` VALUES ('Youtubers Life', 76, 13756, 31363680);
INSERT INTO `top1000_games_by_sales` VALUES ('苏军游击队1941', 149, 7008, 31325760);
INSERT INTO `top1000_games_by_sales` VALUES ('Duck Game', 42, 24841, 31299660);
INSERT INTO `top1000_games_by_sales` VALUES ('Railway Empire', 149, 6995, 31267650);
INSERT INTO `top1000_games_by_sales` VALUES ('Tiny Glade', 58, 17908, 31159920);
INSERT INTO `top1000_games_by_sales` VALUES ('长途客车模拟', 142, 7289, 31051140);
INSERT INTO `top1000_games_by_sales` VALUES ('Thronefall', 52, 19819, 30917640);
INSERT INTO `top1000_games_by_sales` VALUES ('The Survivalists', 140, 7343, 30840600);
INSERT INTO `top1000_games_by_sales` VALUES ('Five Nights at Freddy\'s', 22, 46699, 30821340);
INSERT INTO `top1000_games_by_sales` VALUES ('Trine 2: Complete Story', 68, 14967, 30532680);
INSERT INTO `top1000_games_by_sales` VALUES ('勇者斗恶龙III HD-2D Remake', 348, 2919, 30474360);
INSERT INTO `top1000_games_by_sales` VALUES ('勇者斗恶龙III HD-2D Remake', 348, 2919, 30474360);
INSERT INTO `top1000_games_by_sales` VALUES ('Gears Tactics', 148, 6851, 30418440);
INSERT INTO `top1000_games_by_sales` VALUES ('Craft The World', 72, 14060, 30369600);
INSERT INTO `top1000_games_by_sales` VALUES ('Caves of Qud', 105, 9623, 30312450);
INSERT INTO `top1000_games_by_sales` VALUES ('部落与弯刀', 48, 21025, 30276000);
INSERT INTO `top1000_games_by_sales` VALUES ('AI：梦境档案 涅槃肇始', 330, 3043, 30125700);
INSERT INTO `top1000_games_by_sales` VALUES ('Iratus: Lord of the Dead', 149, 6726, 30065220);
INSERT INTO `top1000_games_by_sales` VALUES ('Tales from the Borderlands', 70, 14259, 29943900);
INSERT INTO `top1000_games_by_sales` VALUES ('Into the Radius VR', 108, 9226, 29892240);
INSERT INTO `top1000_games_by_sales` VALUES ('Fields of Mistria', 56, 17725, 29778000);
INSERT INTO `top1000_games_by_sales` VALUES ('Gorogoa', 60, 16516, 29728800);
INSERT INTO `top1000_games_by_sales` VALUES ('Transport Fever', 108, 9165, 29694600);
INSERT INTO `top1000_games_by_sales` VALUES ('Homeworld: Deserts of Kharak', 133, 7422, 29613780);
INSERT INTO `top1000_games_by_sales` VALUES ('恶魔轮盘', 12, 82143, 29571480);
INSERT INTO `top1000_games_by_sales` VALUES ('Planetary Annihilation: TITANS', 90, 10944, 29548800);
INSERT INTO `top1000_games_by_sales` VALUES ('Goat Simulator 3', 108, 9118, 29542320);
INSERT INTO `top1000_games_by_sales` VALUES ('Chained Together', 22, 44736, 29525760);
INSERT INTO `top1000_games_by_sales` VALUES ('Motorsport Manager', 90, 10935, 29524500);
INSERT INTO `top1000_games_by_sales` VALUES ('Tactics Ogre: Reborn', 298, 3297, 29475180);
INSERT INTO `top1000_games_by_sales` VALUES ('The Binding of Isaac', 21, 46718, 29432340);
INSERT INTO `top1000_games_by_sales` VALUES ('The Binding of Isaac', 21, 46718, 29432340);
INSERT INTO `top1000_games_by_sales` VALUES ('托尼·霍克™：职业滑板手™ 1 + 2', 260, 3773, 29429400);
INSERT INTO `top1000_games_by_sales` VALUES ('重装前哨', 88, 11146, 29425440);
INSERT INTO `top1000_games_by_sales` VALUES ('重装前哨', 88, 11146, 29425440);
INSERT INTO `top1000_games_by_sales` VALUES ('重装前哨', 88, 11146, 29425440);
INSERT INTO `top1000_games_by_sales` VALUES ('天命奇御二', 88, 11145, 29422800);
INSERT INTO `top1000_games_by_sales` VALUES ('Stacklands', 38, 25772, 29380080);
INSERT INTO `top1000_games_by_sales` VALUES ('狙击手：幽灵战士契约', 98, 9989, 29367660);
INSERT INTO `top1000_games_by_sales` VALUES ('Assassin\'s Creed™: Director\'s Cut Edition', 48, 20341, 29291040);
INSERT INTO `top1000_games_by_sales` VALUES ('超时空方舟', 88, 11077, 29243280);
INSERT INTO `top1000_games_by_sales` VALUES ('命运2：光陨之秋', 119, 8136, 29045520);
INSERT INTO `top1000_games_by_sales` VALUES ('The Dark Pictures Anthology: Man of Medan', 128, 7561, 29034240);
INSERT INTO `top1000_games_by_sales` VALUES ('Call of Duty® 2', 118, 8200, 29028000);
INSERT INTO `top1000_games_by_sales` VALUES ('Magicka', 52, 18596, 29009760);
INSERT INTO `top1000_games_by_sales` VALUES ('港诡实录', 56, 17246, 28973280);
INSERT INTO `top1000_games_by_sales` VALUES ('One Piece Burning Blood', 268, 3602, 28960080);
INSERT INTO `top1000_games_by_sales` VALUES ('Hyper Light Drifter', 68, 14193, 28953720);
INSERT INTO `top1000_games_by_sales` VALUES ('NEKOPARA Vol. 1', 42, 22956, 28924560);
INSERT INTO `top1000_games_by_sales` VALUES ('NEKOPARA Vol. 1', 42, 22956, 28924560);
INSERT INTO `top1000_games_by_sales` VALUES ('魔法使之夜', 198, 4869, 28921860);
INSERT INTO `top1000_games_by_sales` VALUES ('The Escapists', 68, 14148, 28861920);
INSERT INTO `top1000_games_by_sales` VALUES ('Legendary Tales', 374.56, 2568, 28856102.4);
INSERT INTO `top1000_games_by_sales` VALUES ('Armello', 89, 10807, 28854690);
INSERT INTO `top1000_games_by_sales` VALUES ('FINAL FANTASY VII', 40, 24042, 28850400);
INSERT INTO `top1000_games_by_sales` VALUES ('FINAL FANTASY VII', 40, 24042, 28850400);
INSERT INTO `top1000_games_by_sales` VALUES ('Across the Obelisk', 98, 9759, 28691460);
INSERT INTO `top1000_games_by_sales` VALUES ('Call to Arms', 58, 16489, 28690860);
INSERT INTO `top1000_games_by_sales` VALUES ('Call to Arms', 58, 16489, 28690860);

-- ----------------------------
-- Table structure for yearly_top_games
-- ----------------------------
DROP TABLE IF EXISTS `yearly_top_games`;
CREATE TABLE `yearly_top_games`  (
  `publish_year` int(11) NULL DEFAULT NULL,
  `title` varchar(255) CHARACTER SET utf8mb4 COLLATE utf8mb4_unicode_ci NULL DEFAULT NULL,
  `review_count` double NULL DEFAULT NULL
) ENGINE = InnoDB CHARACTER SET = utf8mb4 COLLATE = utf8mb4_unicode_ci ROW_FORMAT = Dynamic;

-- ----------------------------
-- Records of yearly_top_games
-- ----------------------------
INSERT INTO `yearly_top_games` VALUES (2015, 'Dying Light', 336161);
INSERT INTO `yearly_top_games` VALUES (2025, 'Schedule I', 165512);
INSERT INTO `yearly_top_games` VALUES (2025, 'Monster Hunter Wilds', 128902);
INSERT INTO `yearly_top_games` VALUES (2025, 'R.E.P.O.', 126246);
INSERT INTO `yearly_top_games` VALUES (2025, 'My Summer Car', 83366);
INSERT INTO `yearly_top_games` VALUES (2024, '黑神话：悟空', 832216);
INSERT INTO `yearly_top_games` VALUES (2024, 'HELLDIVERS™ 2', 724152);
INSERT INTO `yearly_top_games` VALUES (2024, 'Palworld / 幻兽帕鲁', 319589);
INSERT INTO `yearly_top_games` VALUES (2024, '漫威争锋', 275483);
INSERT INTO `yearly_top_games` VALUES (2024, '7 Days to Die', 251629);
INSERT INTO `yearly_top_games` VALUES (2023, '《守望先锋® 2》', 340148);
INSERT INTO `yearly_top_games` VALUES (2023, '霍格沃茨之遗', 230292);
INSERT INTO `yearly_top_games` VALUES (2023, '鬼谷八荒', 191879);
INSERT INTO `yearly_top_games` VALUES (2023, 'Ready or Not', 182770);
INSERT INTO `yearly_top_games` VALUES (2023, 'BattleBit Remastered', 123926);
INSERT INTO `yearly_top_games` VALUES (2022, '艾尔登法环', 761001);
INSERT INTO `yearly_top_games` VALUES (2022, '使命召唤®', 707099);
INSERT INTO `yearly_top_games` VALUES (2022, 'Raft', 293567);
INSERT INTO `yearly_top_games` VALUES (2022, 'Vampire Survivors - 吸血鬼幸存者', 236824);
INSERT INTO `yearly_top_games` VALUES (2022, 'Mount & Blade II: Bannerlord', 204223);
INSERT INTO `yearly_top_games` VALUES (2021, 'Valheim: 英灵神殿', 423085);
INSERT INTO `yearly_top_games` VALUES (2021, 'New World: Aeternum', 245212);
INSERT INTO `yearly_top_games` VALUES (2021, '《战地风云™ 2042》', 232253);
INSERT INTO `yearly_top_games` VALUES (2021, '极限竞速：地平线 5', 203916);
INSERT INTO `yearly_top_games` VALUES (2021, '双人成行', 179533);
INSERT INTO `yearly_top_games` VALUES (2020, 'Apex Legends™', 990127);
INSERT INTO `yearly_top_games` VALUES (2020, '赛博朋克 2077', 741948);
INSERT INTO `yearly_top_games` VALUES (2020, 'Phasmophobia', 623649);
INSERT INTO `yearly_top_games` VALUES (2020, 'Sea of Thieves: 2025 Edition', 305448);
INSERT INTO `yearly_top_games` VALUES (2020, '深岩银河', 271718);
INSERT INTO `yearly_top_games` VALUES (2019, 'Red Dead Redemption 2', 664122);
INSERT INTO `yearly_top_games` VALUES (2019, '命运2', 623661);
INSERT INTO `yearly_top_games` VALUES (2019, 'People Playground', 262400);
INSERT INTO `yearly_top_games` VALUES (2019, 'Sekiro™: Shadows Die Twice - GOTY Edition', 233103);
INSERT INTO `yearly_top_games` VALUES (2019, '猎杀：对决 1896', 191799);
INSERT INTO `yearly_top_games` VALUES (2018, 'Rust', 1012460);
INSERT INTO `yearly_top_games` VALUES (2018, 'Among Us', 615395);
INSERT INTO `yearly_top_games` VALUES (2018, 'The Forest', 531444);
INSERT INTO `yearly_top_games` VALUES (2018, 'DayZ', 354253);
INSERT INTO `yearly_top_games` VALUES (2018, 'Monster Hunter: World', 295849);
INSERT INTO `yearly_top_games` VALUES (2017, 'PUBG: BATTLEGROUNDS', 2544005);
INSERT INTO `yearly_top_games` VALUES (2017, 'Unturned', 554667);
INSERT INTO `yearly_top_games` VALUES (2017, 'ARK: Survival Evolved', 546077);
INSERT INTO `yearly_top_games` VALUES (2017, 'Brawlhalla', 385046);
INSERT INTO `yearly_top_games` VALUES (2017, 'Hollow Knight', 366590);
INSERT INTO `yearly_top_games` VALUES (2016, 'Stardew Valley', 749810);
INSERT INTO `yearly_top_games` VALUES (2016, '黎明杀机', 575715);
INSERT INTO `yearly_top_games` VALUES (2016, '饥荒联机版', 339925);
INSERT INTO `yearly_top_games` VALUES (2016, 'No Man\'s Sky 无人深空', 265150);
INSERT INTO `yearly_top_games` VALUES (2016, 'DARK SOULS™ III', 260324);
INSERT INTO `yearly_top_games` VALUES (2015, 'Tom Clancy\'s Rainbow Six® Siege', 1183659);
INSERT INTO `yearly_top_games` VALUES (2015, '巫师 3：狂猎', 757362);
INSERT INTO `yearly_top_games` VALUES (2015, '车祸模拟器 - BeamNG.drive', 293087);
INSERT INTO `yearly_top_games` VALUES (2015, 'Fallout 4', 260754);
INSERT INTO `yearly_top_games` VALUES (2015, 'Undertale', 239847);
INSERT INTO `yearly_top_games` VALUES (2014, 'The Binding of Isaac: Rebirth', 307918);
INSERT INTO `yearly_top_games` VALUES (2014, '神力科莎 Assetto Corsa', 116015);
INSERT INTO `yearly_top_games` VALUES (2014, 'Insurgency', 86452);
INSERT INTO `yearly_top_games` VALUES (2014, 'Metro 2033 Redux', 82388);
INSERT INTO `yearly_top_games` VALUES (2014, 'Metro 2033 Redux', 82379);
INSERT INTO `yearly_top_games` VALUES (2013, 'Dota 2', 2483615);
INSERT INTO `yearly_top_games` VALUES (2013, 'War Thunder', 618572);
INSERT INTO `yearly_top_games` VALUES (2013, 'Warframe', 616770);
INSERT INTO `yearly_top_games` VALUES (2013, 'PAYDAY 2', 435340);
INSERT INTO `yearly_top_games` VALUES (2013, 'Project Zomboid', 282223);
INSERT INTO `yearly_top_games` VALUES (2012, 'Counter-Strike 2', 8756218);
INSERT INTO `yearly_top_games` VALUES (2012, 'Euro Truck Simulator 2', 653242);
INSERT INTO `yearly_top_games` VALUES (2012, 'Borderlands 2', 195737);
INSERT INTO `yearly_top_games` VALUES (2012, 'Far Cry 3', 103464);
INSERT INTO `yearly_top_games` VALUES (2012, 'Castle Crashers®', 96048);
INSERT INTO `yearly_top_games` VALUES (2011, 'Terraria', 1116278);
INSERT INTO `yearly_top_games` VALUES (2011, 'Portal 2', 358426);
INSERT INTO `yearly_top_games` VALUES (2011, 'Saints Row: The Third', 47935);
INSERT INTO `yearly_top_games` VALUES (2011, 'Saints Row: The Third', 47935);
INSERT INTO `yearly_top_games` VALUES (2011, 'The Binding of Isaac', 46718);
INSERT INTO `yearly_top_games` VALUES (2010, 'Fallout: New Vegas', 181841);
INSERT INTO `yearly_top_games` VALUES (2010, 'Mount & Blade: Warband', 130625);
INSERT INTO `yearly_top_games` VALUES (2010, 'Sid Meier\'s Civilization® V', 123625);
INSERT INTO `yearly_top_games` VALUES (2010, 'Batman: Arkham Asylum Game of the Year Edition', 51747);
INSERT INTO `yearly_top_games` VALUES (2010, 'Batman: Arkham Asylum Game of the Year Edition', 51740);
INSERT INTO `yearly_top_games` VALUES (2009, 'Left 4 Dead 2', 728624);
INSERT INTO `yearly_top_games` VALUES (2009, 'Plants vs. Zombies GOTY Edition', 127586);
INSERT INTO `yearly_top_games` VALUES (2009, 'STAR WARS™ Battlefront II (Classic, 2005)', 45339);
INSERT INTO `yearly_top_games` VALUES (2009, 'The Elder Scrolls IV: Oblivion® Game of the Year Edition (2009)', 40519);
INSERT INTO `yearly_top_games` VALUES (2008, 'SPORE™', 60057);
INSERT INTO `yearly_top_games` VALUES (2008, 'Left 4 Dead', 51654);
INSERT INTO `yearly_top_games` VALUES (2008, 'Call of Duty: World at War', 43017);
INSERT INTO `yearly_top_games` VALUES (2008, 'Assassin\'s Creed™: Director\'s Cut Edition', 20341);
INSERT INTO `yearly_top_games` VALUES (2008, 'S.T.A.L.K.E.R.: Clear Sky', 17213);
INSERT INTO `yearly_top_games` VALUES (2007, 'Team Fortress 2', 1154474);
INSERT INTO `yearly_top_games` VALUES (2007, 'Half-Life 2', 179655);
INSERT INTO `yearly_top_games` VALUES (2007, 'Portal', 152458);
INSERT INTO `yearly_top_games` VALUES (2007, 'Total War: MEDIEVAL II – Definitive Edition', 24707);
INSERT INTO `yearly_top_games` VALUES (2007, 'Call of Duty® 4: Modern Warfare® (2007)', 20103);
INSERT INTO `yearly_top_games` VALUES (2006, 'Garry\'s Mod', 993727);
INSERT INTO `yearly_top_games` VALUES (2006, 'Psychonauts', 11143);
INSERT INTO `yearly_top_games` VALUES (2006, 'Call of Duty® 2', 8200);
INSERT INTO `yearly_top_games` VALUES (2006, 'Call of Duty® (2003)', 6377);
INSERT INTO `yearly_top_games` VALUES (2006, 'Insaniquarium Deluxe', 5476);
INSERT INTO `yearly_top_games` VALUES (2005, 'Sid Meier\'s Pirates!', 5613);
INSERT INTO `yearly_top_games` VALUES (2004, 'Counter-Strike: Source', 125793);
INSERT INTO `yearly_top_games` VALUES (2003, 'Day of Defeat', 4260);
INSERT INTO `yearly_top_games` VALUES (2001, 'Half-Life: Blue Shift', 16233);
INSERT INTO `yearly_top_games` VALUES (2000, 'Counter-Strike', 159700);
INSERT INTO `yearly_top_games` VALUES (1999, 'Half-Life: Opposing Force', 22017);
INSERT INTO `yearly_top_games` VALUES (1999, 'Team Fortress Classic', 6537);
INSERT INTO `yearly_top_games` VALUES (1998, 'Half-Life', 104444);

SET FOREIGN_KEY_CHECKS = 1;
